source,name,valid,error,n_obs,baseline,mag_mean,mag_std,err_median,snr,amp_intrinsic,P_LS_raw,alias_flag,P_LS,power_LS,fap_LS,significant,P_CE,CE_min,P_PDM,PDM_min,P_final,agreement,n_agree
h5,00,True,"NameError: name 'pd' is not defined
Traceback (most recent call last):
  File ""C:\Users\santi\AppData\Local\Temp\ipykernel_32392\651301854.py"", line 467, in _analyze_star
    base['OGLE_Class'] = guess_ogle_class(P_final)
                         ^^^^^^^^^^^^^^^^^^^^^^^^^
  File ""C:\Users\santi\AppData\Local\Temp\ipykernel_32392\651301854.py"", line 776, in guess_ogle_class
    if pd.isna(p_final) or p_final <= 0:
       ^^
NameError: name 'pd' is not defined
",665,2246.8068699999994,14.041157894736841,0.07603390196861684,0.005,15.173864700297331,0.07586932350148666,4.71720946882217,False,4.71720946882217,0.9447088365280844,0.0,True,4.717800597828288,0.3992962779983187,4.7173276946233935,0.04182848459419572,4.717445920424617,LS+CE+PDM,3
h5,01,True,"NameError: name 'pd' is not defined
Traceback (most recent call last):
  File ""C:\Users\santi\AppData\Local\Temp\ipykernel_32392\651301854.py"", line 467, in _analyze_star
    base['OGLE_Class'] = guess_ogle_class(P_final)
                         ^^^^^^^^^^^^^^^^^^^^^^^^^
  File ""C:\Users\santi\AppData\Local\Temp\ipykernel_32392\651301854.py"", line 776, in guess_ogle_class
    if pd.isna(p_final) or p_final <= 0:
       ^^
NameError: name 'pd' is not defined
",499,2246.9436799999994,16.597875751503008,0.1373763211314702,0.007,19.596798198166965,0.13717758738716876,1.833491374949,False,1.833491374949,0.717911349701905,1.5008616200966692e-132,True,1.8335373271137858,0.4198754945500185,1.833629231443357,0.0862505323040258,1.8335526445020476,LS+CE+PDM,3
h5,02,True,"NameError: name 'pd' is not defined
Traceback (most recent call last):
  File ""C:\Users\santi\AppData\Local\Temp\ipykernel_32392\651301854.py"", line 467, in _analyze_star
    base['OGLE_Class'] = guess_ogle_class(P_final)
                         ^^^^^^^^^^^^^^^^^^^^^^^^^
  File ""C:\Users\santi\AppData\Local\Temp\ipykernel_32392\651301854.py"", line 776, in guess_ogle_class
    if pd.isna(p_final) or p_final <= 0:
       ^^
NameError: name 'pd' is not defined
",220,3603.8854700000957,17.502872727272727,0.07595523905274731,0.015,4.951009762742514,0.0742651464411377,0.10299758416690756,False,0.10299758416690756,0.9329485240404304,1.083093278359784e-123,True,0.11482379116925874,1.2126939365355107,0.11482379116925874,0.543295578020582,0.11482379116925874,CE+PDM,2
h5,03,True,"NameError: name 'pd' is not defined
Traceback (most recent call last):
  File ""C:\Users\santi\AppData\Local\Temp\ipykernel_32392\651301854.py"", line 467, in _analyze_star
    base['OGLE_Class'] = guess_ogle_class(P_final)
                         ^^^^^^^^^^^^^^^^^^^^^^^^^
  File ""C:\Users\santi\AppData\Local\Temp\ipykernel_32392\651301854.py"", line 776, in guess_ogle_class
    if pd.isna(p_final) or p_final <= 0:
       ^^
NameError: name 'pd' is not defined
",110,684.1210800000008,14.809736363636366,0.1918460141909846,0.006,31.95660823721557,0.1917396494232934,0.523188345059652,False,0.523188345059652,0.6831570638887803,7.278871224754923e-24,True,0.5231490075900986,0.2369910568793553,0.5231752325698008,0.11628683835264907,0.5231708617398505,LS+CE+PDM,3
h5,04,True,"NameError: name 'pd' is not defined
Traceback (most recent call last):
  File ""C:\Users\santi\AppData\Local\Temp\ipykernel_32392\651301854.py"", line 467, in _analyze_star
    base['OGLE_Class'] = guess_ogle_class(P_final)
                         ^^^^^^^^^^^^^^^^^^^^^^^^^
  File ""C:\Users\santi\AppData\Local\Temp\ipykernel_32392\651301854.py"", line 776, in guess_ogle_class
    if pd.isna(p_final) or p_final <= 0:
       ^^
NameError: name 'pd' is not defined
",268,2021.7683499999994,17.34023134328358,0.09252159696689709,0.015,6.075652006752823,0.09113478010129235,0.30528317428200397,False,0.30528317428200397,0.9236031034480089,2.987288300769573e-144,True,0.30529082548937947,0.7964602423672508,0.30529082548937947,0.15416717323246462,0.30528827508692097,LS+CE+PDM,3
h5,05,True,"NameError: name 'pd' is not defined
Traceback (most recent call last):
  File ""C:\Users\santi\AppData\Local\Temp\ipykernel_32392\651301854.py"", line 467, in _analyze_star
    base['OGLE_Class'] = guess_ogle_class(P_final)
                         ^^^^^^^^^^^^^^^^^^^^^^^^^
  File ""C:\Users\santi\AppData\Local\Temp\ipykernel_32392\651301854.py"", line 776, in guess_ogle_class
    if pd.isna(p_final) or p_final <= 0:
       ^^
NameError: name 'pd' is not defined
",482,2246.8234199999997,18.81317842323652,0.1824434219000457,0.041,4.30041984800249,0.1763172137681021,0.5316541066231276,False,0.5316541066231276,0.6844079132116434,2.86965793500758e-116,True,0.531667431287454,0.715653200745983,0.531667431287454,0.229435430157203,0.5316629897326784,LS+CE+PDM,3
h5,06,True,"NameError: name 'pd' is not defined
Traceback (most recent call last):
  File ""C:\Users\santi\AppData\Local\Temp\ipykernel_32392\651301854.py"", line 467, in _analyze_star
    base['OGLE_Class'] = guess_ogle_class(P_final)
                         ^^^^^^^^^^^^^^^^^^^^^^^^^
  File ""C:\Users\santi\AppData\Local\Temp\ipykernel_32392\651301854.py"", line 776, in guess_ogle_class
    if pd.isna(p_final) or p_final <= 0:
       ^^
NameError: name 'pd' is not defined
",2000,2714.7769199999993,17.634666499999998,0.08929886013248138,0.015,5.852763419848202,0.08779145129772302,0.27352089307124217,False,0.27352089307124217,0.8989708334744565,0.0,True,0.2735277482314695,0.9232821543426832,0.2735277482314695,0.25362864415584346,0.2735254631780604,LS+CE+PDM,3
h5,07,True,"NameError: name 'pd' is not defined
Traceback (most recent call last):
  File ""C:\Users\santi\AppData\Local\Temp\ipykernel_32392\651301854.py"", line 467, in _analyze_star
    base['OGLE_Class'] = guess_ogle_class(P_final)
                         ^^^^^^^^^^^^^^^^^^^^^^^^^
  File ""C:\Users\santi\AppData\Local\Temp\ipykernel_32392\651301854.py"", line 776, in guess_ogle_class
    if pd.isna(p_final) or p_final <= 0:
       ^^
NameError: name 'pd' is not defined
",234,5193.848050000146,16.37908547008547,0.02174355911719145,0.008,2.525591146863929,0.020204729174911434,4.634054291577574,False,4.634054291577574,0.1668735094668681,2.3713324126408007e-06,True,4.633938149866006,0.9420239532717946,4.633938149866006,0.692115702707041,4.633976863769862,LS+CE+PDM,3
h5,08,True,"NameError: name 'pd' is not defined
Traceback (most recent call last):
  File ""C:\Users\santi\AppData\Local\Temp\ipykernel_32392\651301854.py"", line 467, in _analyze_star
    base['OGLE_Class'] = guess_ogle_class(P_final)
                         ^^^^^^^^^^^^^^^^^^^^^^^^^
  File ""C:\Users\santi\AppData\Local\Temp\ipykernel_32392\651301854.py"", line 776, in guess_ogle_class
    if pd.isna(p_final) or p_final <= 0:
       ^^
NameError: name 'pd' is not defined
",131,3121.7625500000004,15.352625954198473,0.06005053460056181,0.007,8.509882074462338,0.05956917452123636,0.07450578406476435,False,0.07450578406476435,0.47924418573508293,1.8232047699702935e-15,True,0.07450765137764818,0.9770380833692103,0.0745225898807188,0.5787101687157223,0.07451200844104378,LS+CE+PDM,3
h5,09,False,snr<threshold,5680,5025.563850000035,19.455038204225353,0.09427820970825561,0.073,0.7218395003062764,0.05269428352235817,nan,False,nan,nan,nan,False,nan,nan,nan,nan,nan,,0
h5,0a,True,"NameError: name 'pd' is not defined
Traceback (most recent call last):
  File ""C:\Users\santi\AppData\Local\Temp\ipykernel_32392\651301854.py"", line 467, in _analyze_star
    base['OGLE_Class'] = guess_ogle_class(P_final)
                         ^^^^^^^^^^^^^^^^^^^^^^^^^
  File ""C:\Users\santi\AppData\Local\Temp\ipykernel_32392\651301854.py"", line 776, in guess_ogle_class
    if pd.isna(p_final) or p_final <= 0:
       ^^
NameError: name 'pd' is not defined
",913,5195.837160000112,17.976955093099672,0.07139806221583767,0.019,3.590096893246476,0.06821184097168304,1.8257913978495017,False,1.8257913978495017,0.12243369705630684,2.9073672725744667e-22,True,1.8257456386665982,0.7018076668080666,1.8258371570324052,0.7337450331315809,1.8257913978495015,LS+CE+PDM,3
h5,0b,True,"NameError: name 'pd' is not defined
Traceback (most recent call last):
  File ""C:\Users\santi\AppData\Local\Temp\ipykernel_32392\651301854.py"", line 467, in _analyze_star
    base['OGLE_Class'] = guess_ogle_class(P_final)
                         ^^^^^^^^^^^^^^^^^^^^^^^^^
  File ""C:\Users\santi\AppData\Local\Temp\ipykernel_32392\651301854.py"", line 776, in guess_ogle_class
    if pd.isna(p_final) or p_final <= 0:
       ^^
NameError: name 'pd' is not defined
",527,2246.94402,16.939195445920305,0.07654443860844831,0.008,9.506392536380062,0.0760511402910405,1.0075530334962557,True,98.11982620087335,0.7294863260379142,5.7780587665234774e-145,True,97.984573307614,0.959299903124711,97.984573307614,0.28161613634561805,98.0296576053671,LS+CE+PDM,3
h5,0c,True,"NameError: name 'pd' is not defined
Traceback (most recent call last):
  File ""C:\Users\santi\AppData\Local\Temp\ipykernel_32392\651301854.py"", line 467, in _analyze_star
    base['OGLE_Class'] = guess_ogle_class(P_final)
                         ^^^^^^^^^^^^^^^^^^^^^^^^^
  File ""C:\Users\santi\AppData\Local\Temp\ipykernel_32392\651301854.py"", line 776, in guess_ogle_class
    if pd.isna(p_final) or p_final <= 0:
       ^^
NameError: name 'pd' is not defined
",157,1204.0578000000005,17.87243949044586,0.1162073929408008,0.016,7.176894060332635,0.11483030496532216,0.2798897696366723,False,0.2798897696366723,0.8866325995975051,1.3248552509686549e-69,True,0.27988275485547837,0.5937851640115158,0.27988275485547837,0.1257792831489074,0.27988509311587634,LS+CE+PDM,3
h5,0d,True,"NameError: name 'pd' is not defined
Traceback (most recent call last):
  File ""C:\Users\santi\AppData\Local\Temp\ipykernel_32392\651301854.py"", line 467, in _analyze_star
    base['OGLE_Class'] = guess_ogle_class(P_final)
                         ^^^^^^^^^^^^^^^^^^^^^^^^^
  File ""C:\Users\santi\AppData\Local\Temp\ipykernel_32392\651301854.py"", line 776, in guess_ogle_class
    if pd.isna(p_final) or p_final <= 0:
       ^^
NameError: name 'pd' is not defined
",731,2246.87046,15.66528317373461,0.1936765641052428,0.006,32.263865579555144,0.19358319347733088,2.538549836176703,False,2.538549836176703,0.7787961553179005,1.9007264672153213e-234,True,2.5384862133737913,0.33964610014849966,2.538613458979615,0.06914003840430213,2.538549836176703,LS+CE+PDM,3
h5,0e,True,"NameError: name 'pd' is not defined
Traceback (most recent call last):
  File ""C:\Users\santi\AppData\Local\Temp\ipykernel_32392\651301854.py"", line 467, in _analyze_star
    base['OGLE_Class'] = guess_ogle_class(P_final)
                         ^^^^^^^^^^^^^^^^^^^^^^^^^
  File ""C:\Users\santi\AppData\Local\Temp\ipykernel_32392\651301854.py"", line 776, in guess_ogle_class
    if pd.isna(p_final) or p_final <= 0:
       ^^
NameError: name 'pd' is not defined
",1198,2713.8410000000003,16.019940734557597,0.1065340607131105,0.007,15.18842859642187,0.10631900017495309,0.628276652390323,False,0.628276652390323,0.7640634217638974,0.0,True,0.6282923986723379,0.6806910160846847,0.6282923986723379,0.1427872302925562,0.6282871499116663,LS+CE+PDM,3
h5,0f,True,"NameError: name 'pd' is not defined
Traceback (most recent call last):
  File ""C:\Users\santi\AppData\Local\Temp\ipykernel_32392\651301854.py"", line 467, in _analyze_star
    base['OGLE_Class'] = guess_ogle_class(P_final)
                         ^^^^^^^^^^^^^^^^^^^^^^^^^
  File ""C:\Users\santi\AppData\Local\Temp\ipykernel_32392\651301854.py"", line 776, in guess_ogle_class
    if pd.isna(p_final) or p_final <= 0:
       ^^
NameError: name 'pd' is not defined
",670,2246.8068699999994,15.211489552238806,0.197231205999781,0.005,39.4310996099134,0.19715549804956703,3.1136458841463406,False,3.1136458841463406,0.7569984234028024,6.028415835483041e-201,True,3.1135678479086426,0.3715802979945992,3.1137239203840386,0.06436875609251205,3.11364588414634,LS+CE+PDM,3
h5,10,False,snr<threshold,895,5181.846880000085,19.34463910614525,0.1117492620742715,0.069,1.1800155774617855,0.0814210748448632,nan,False,nan,nan,nan,False,nan,nan,nan,nan,nan,,0
h5,11,True,"NameError: name 'pd' is not defined
Traceback (most recent call last):
  File ""C:\Users\santi\AppData\Local\Temp\ipykernel_32392\651301854.py"", line 467, in _analyze_star
    base['OGLE_Class'] = guess_ogle_class(P_final)
                         ^^^^^^^^^^^^^^^^^^^^^^^^^
  File ""C:\Users\santi\AppData\Local\Temp\ipykernel_32392\651301854.py"", line 776, in guess_ogle_class
    if pd.isna(p_final) or p_final <= 0:
       ^^
NameError: name 'pd' is not defined
",700,5174.85783999972,18.512994285714285,0.11713192724153988,0.025,4.559016150887237,0.11397540377218093,1.8482955353952857,False,1.8482955353952857,0.10050816920230607,1.134776599258276e-12,True,1.8483418585916616,0.38261134033571886,1.8483418585916616,0.4466819380625458,1.8483264175262029,LS+CE+PDM,3
h5,12,True,"NameError: name 'pd' is not defined
Traceback (most recent call last):
  File ""C:\Users\santi\AppData\Local\Temp\ipykernel_32392\651301854.py"", line 467, in _analyze_star
    base['OGLE_Class'] = guess_ogle_class(P_final)
                         ^^^^^^^^^^^^^^^^^^^^^^^^^
  File ""C:\Users\santi\AppData\Local\Temp\ipykernel_32392\651301854.py"", line 776, in guess_ogle_class
    if pd.isna(p_final) or p_final <= 0:
       ^^
NameError: name 'pd' is not defined
",746,2246.85124,15.432573726541554,0.07626974775671394,0.005,15.22059335800029,0.07610296679000145,1.9743859753954305,False,1.9743859753954305,0.9552942300274536,0.0,True,1.9743364920376512,0.5746924652695174,1.9744354587532098,0.06020990048363386,1.9743859753954307,LS+CE+PDM,3
h5,13,True,"NameError: name 'pd' is not defined
Traceback (most recent call last):
  File ""C:\Users\santi\AppData\Local\Temp\ipykernel_32392\651301854.py"", line 467, in _analyze_star
    base['OGLE_Class'] = guess_ogle_class(P_final)
                         ^^^^^^^^^^^^^^^^^^^^^^^^^
  File ""C:\Users\santi\AppData\Local\Temp\ipykernel_32392\651301854.py"", line 776, in guess_ogle_class
    if pd.isna(p_final) or p_final <= 0:
       ^^
NameError: name 'pd' is not defined
",436,2233.8686,14.495066513761468,0.10370633905963283,0.005,20.71714725646514,0.1035857362823257,4.653892916666665,False,4.653892916666665,0.7928101629564493,3.108063438696117e-144,True,4.653776277746448,0.3888402757265156,4.654009555586883,0.05363937843123733,4.653892916666664,LS+CE+PDM,3
h5,14,True,"NameError: name 'pd' is not defined
Traceback (most recent call last):
  File ""C:\Users\santi\AppData\Local\Temp\ipykernel_32392\651301854.py"", line 467, in _analyze_star
    base['OGLE_Class'] = guess_ogle_class(P_final)
                         ^^^^^^^^^^^^^^^^^^^^^^^^^
  File ""C:\Users\santi\AppData\Local\Temp\ipykernel_32392\651301854.py"", line 776, in guess_ogle_class
    if pd.isna(p_final) or p_final <= 0:
       ^^
NameError: name 'pd' is not defined
",113,495.80229000002146,15.990274336283186,0.14527450910675047,0.006,24.19108307084387,0.14514649842506322,0.15948862547046078,False,0.15948862547046078,0.8536284057952067,4.420090320456635e-43,True,0.15948462826180237,0.48742757269141856,0.15948462826180237,0.07618478732575334,0.1594859606646885,LS+CE+PDM,3
h5,15,False,snr<threshold,5754,5195.859850000124,20.20934654153632,0.17849652485620693,0.116,1.0544926764618607,0.12232115046957584,nan,False,nan,nan,nan,False,nan,nan,nan,nan,nan,,0
h5,16,True,"NameError: name 'pd' is not defined
Traceback (most recent call last):
  File ""C:\Users\santi\AppData\Local\Temp\ipykernel_32392\651301854.py"", line 467, in _analyze_star
    base['OGLE_Class'] = guess_ogle_class(P_final)
                         ^^^^^^^^^^^^^^^^^^^^^^^^^
  File ""C:\Users\santi\AppData\Local\Temp\ipykernel_32392\651301854.py"", line 776, in guess_ogle_class
    if pd.isna(p_final) or p_final <= 0:
       ^^
NameError: name 'pd' is not defined
",229,1968.5820400000002,15.527541484716156,0.0404522057112929,0.006,6.670334115345916,0.0400220046920755,0.10033138506075187,False,0.10033138506075187,0.9476156143132417,3.6991991545194334e-141,True,0.10032887048969771,1.0939831100960584,0.10033389963180603,0.4298628315594474,0.10033138506075186,LS+CE+PDM,3
h5,17,True,"NameError: name 'pd' is not defined
Traceback (most recent call last):
  File ""C:\Users\santi\AppData\Local\Temp\ipykernel_32392\651301854.py"", line 467, in _analyze_star
    base['OGLE_Class'] = guess_ogle_class(P_final)
                         ^^^^^^^^^^^^^^^^^^^^^^^^^
  File ""C:\Users\santi\AppData\Local\Temp\ipykernel_32392\651301854.py"", line 776, in guess_ogle_class
    if pd.isna(p_final) or p_final <= 0:
       ^^
NameError: name 'pd' is not defined
",470,2246.8200400000005,18.835659574468085,0.22394919053239962,0.044,4.964107564623444,0.21842073284343155,0.5234902236719479,False,0.5234902236719479,0.7237646479348493,1.0289463783100918e-126,True,0.5234771036162167,0.6797835573270382,0.5234771036162167,0.16868931099024717,0.5234814769681271,LS+CE+PDM,3
h5,18,True,"NameError: name 'pd' is not defined
Traceback (most recent call last):
  File ""C:\Users\santi\AppData\Local\Temp\ipykernel_32392\651301854.py"", line 467, in _analyze_star
    base['OGLE_Class'] = guess_ogle_class(P_final)
                         ^^^^^^^^^^^^^^^^^^^^^^^^^
  File ""C:\Users\santi\AppData\Local\Temp\ipykernel_32392\651301854.py"", line 776, in guess_ogle_class
    if pd.isna(p_final) or p_final <= 0:
       ^^
NameError: name 'pd' is not defined
",490,2243.96543,15.770795918367346,0.15987031804782637,0.005,31.95508085873228,0.1597754042936614,3.141049034154536,False,3.141049034154536,0.7388296605242439,3.312803571449824e-138,True,3.141127757187973,0.37878229719191275,3.141127757187973,0.06402614273342871,3.141101516176828,LS+CE+PDM,3
h5,19,True,"NameError: name 'pd' is not defined
Traceback (most recent call last):
  File ""C:\Users\santi\AppData\Local\Temp\ipykernel_32392\651301854.py"", line 467, in _analyze_star
    base['OGLE_Class'] = guess_ogle_class(P_final)
                         ^^^^^^^^^^^^^^^^^^^^^^^^^
  File ""C:\Users\santi\AppData\Local\Temp\ipykernel_32392\651301854.py"", line 776, in guess_ogle_class
    if pd.isna(p_final) or p_final <= 0:
       ^^
NameError: name 'pd' is not defined
",487,2216.9382300000007,16.976991786447638,0.14163074320962482,0.01,14.120924106790289,0.1412092410679029,0.86134829046546,False,0.86134829046546,0.8828699566458914,2.0650277967347162e-221,True,0.8613267027890072,0.4649135094092541,0.8613267027890072,0.0576793430029089,0.8613338986811581,LS+CE+PDM,3
h5,1a,True,"NameError: name 'pd' is not defined
Traceback (most recent call last):
  File ""C:\Users\santi\AppData\Local\Temp\ipykernel_32392\651301854.py"", line 467, in _analyze_star
    base['OGLE_Class'] = guess_ogle_class(P_final)
                         ^^^^^^^^^^^^^^^^^^^^^^^^^
  File ""C:\Users\santi\AppData\Local\Temp\ipykernel_32392\651301854.py"", line 776, in guess_ogle_class
    if pd.isna(p_final) or p_final <= 0:
       ^^
NameError: name 'pd' is not defined
",671,2246.8068699999994,15.0466870342772,0.1494387723530456,0.005,29.869638497261967,0.14934819248630984,3.3365115384615374,False,3.3365115384615374,0.7718313333962724,2.2615150850992656e-210,True,3.3362606729323296,0.3534224946468162,3.3362606729323296,0.060720465146364255,3.3363442947753987,LS+CE+PDM,3
h5,1b,True,"NameError: name 'pd' is not defined
Traceback (most recent call last):
  File ""C:\Users\santi\AppData\Local\Temp\ipykernel_32392\651301854.py"", line 467, in _analyze_star
    base['OGLE_Class'] = guess_ogle_class(P_final)
                         ^^^^^^^^^^^^^^^^^^^^^^^^^
  File ""C:\Users\santi\AppData\Local\Temp\ipykernel_32392\651301854.py"", line 776, in guess_ogle_class
    if pd.isna(p_final) or p_final <= 0:
       ^^
NameError: name 'pd' is not defined
",100,4598.117659999989,14.863550000000002,0.08375714955160603,0.005,16.721555072432825,0.08360777536216413,0.17233032231466866,False,0.17233032231466866,0.9475778699377957,6.335265131522016e-59,True,0.20833038417019223,0.9650100132962893,0.20833038417019223,0.36707533924687236,0.20833038417019223,CE+PDM,2
h5,1c,True,"NameError: name 'pd' is not defined
Traceback (most recent call last):
  File ""C:\Users\santi\AppData\Local\Temp\ipykernel_32392\651301854.py"", line 467, in _analyze_star
    base['OGLE_Class'] = guess_ogle_class(P_final)
                         ^^^^^^^^^^^^^^^^^^^^^^^^^
  File ""C:\Users\santi\AppData\Local\Temp\ipykernel_32392\651301854.py"", line 776, in guess_ogle_class
    if pd.isna(p_final) or p_final <= 0:
       ^^
NameError: name 'pd' is not defined
",2000,2676.82272,15.9847565,0.09991149764381835,0.007,14.240420956165243,0.09968294669315671,0.36520720366732157,False,0.36520720366732157,0.808771579583984,0.0,True,0.365198050604573,0.8335209639930947,0.365198050604573,0.2639424268697774,0.36520110162548924,LS+CE+PDM,3
h5,1d,True,"NameError: name 'pd' is not defined
Traceback (most recent call last):
  File ""C:\Users\santi\AppData\Local\Temp\ipykernel_32392\651301854.py"", line 467, in _analyze_star
    base['OGLE_Class'] = guess_ogle_class(P_final)
                         ^^^^^^^^^^^^^^^^^^^^^^^^^
  File ""C:\Users\santi\AppData\Local\Temp\ipykernel_32392\651301854.py"", line 776, in guess_ogle_class
    if pd.isna(p_final) or p_final <= 0:
       ^^
NameError: name 'pd' is not defined
",596,2394.7114199999996,17.016382550335567,0.05554007983525689,0.012,4.514965068597048,0.054179580823164576,0.0832017031478007,False,0.0832017031478007,0.8654212522485244,3.7010049347285e-254,True,0.08318293584633879,1.404990091804601,0.08322047044926262,0.7805199308940165,0.0832017031478007,LS+CE+PDM,3
h5,1e,True,"NameError: name 'pd' is not defined
Traceback (most recent call last):
  File ""C:\Users\santi\AppData\Local\Temp\ipykernel_32392\651301854.py"", line 467, in _analyze_star
    base['OGLE_Class'] = guess_ogle_class(P_final)
                         ^^^^^^^^^^^^^^^^^^^^^^^^^
  File ""C:\Users\santi\AppData\Local\Temp\ipykernel_32392\651301854.py"", line 776, in guess_ogle_class
    if pd.isna(p_final) or p_final <= 0:
       ^^
NameError: name 'pd' is not defined
",524,2246.94402,16.540307251908395,0.20418845348407777,0.007,29.150372462685798,0.2040526072388006,1.7613420239868305,False,1.7613420239868305,0.6763895664997555,6.6812594610058954e-124,True,1.761386167897206,0.36219640882975207,1.761386167897206,0.12348268461168796,1.7613714532604143,LS+CE+PDM,3
h5,1f,True,"NameError: name 'pd' is not defined
Traceback (most recent call last):
  File ""C:\Users\santi\AppData\Local\Temp\ipykernel_32392\651301854.py"", line 467, in _analyze_star
    base['OGLE_Class'] = guess_ogle_class(P_final)
                         ^^^^^^^^^^^^^^^^^^^^^^^^^
  File ""C:\Users\santi\AppData\Local\Temp\ipykernel_32392\651301854.py"", line 776, in guess_ogle_class
    if pd.isna(p_final) or p_final <= 0:
       ^^
NameError: name 'pd' is not defined
",104,404.8767400000015,17.889375,0.09843051735906304,0.036,2.5086758021981588,0.09031232887913371,0.05537305998522956,False,0.05537305998522956,0.6728717299184712,1.1401988969118381e-21,True,0.055374447781219166,0.9668014741432958,0.055374447781219166,0.4222725118535994,0.055373985182555964,LS+CE+PDM,3
h5,20,True,"NameError: name 'pd' is not defined
Traceback (most recent call last):
  File ""C:\Users\santi\AppData\Local\Temp\ipykernel_32392\651301854.py"", line 467, in _analyze_star
    base['OGLE_Class'] = guess_ogle_class(P_final)
                         ^^^^^^^^^^^^^^^^^^^^^^^^^
  File ""C:\Users\santi\AppData\Local\Temp\ipykernel_32392\651301854.py"", line 776, in guess_ogle_class
    if pd.isna(p_final) or p_final <= 0:
       ^^
NameError: name 'pd' is not defined
",770,2246.85124,15.68724935064935,0.0615181591666241,0.005,12.256972801798568,0.06128486400899284,1.565204625566005,False,1.565204625566005,0.961687956435753,0.0,True,1.5652438537521094,0.44054120495144616,1.5652438537521094,0.0523719009517597,1.5652307776900747,LS+CE+PDM,3
h5,21,True,"NameError: name 'pd' is not defined
Traceback (most recent call last):
  File ""C:\Users\santi\AppData\Local\Temp\ipykernel_32392\651301854.py"", line 467, in _analyze_star
    base['OGLE_Class'] = guess_ogle_class(P_final)
                         ^^^^^^^^^^^^^^^^^^^^^^^^^
  File ""C:\Users\santi\AppData\Local\Temp\ipykernel_32392\651301854.py"", line 776, in guess_ogle_class
    if pd.isna(p_final) or p_final <= 0:
       ^^
NameError: name 'pd' is not defined
",1377,3501.7463100000004,14.205103122730574,0.01142573837915557,0.005,2.0547262348927022,0.010273631174463511,0.0594615859156508,False,0.0594615859156508,0.7846988146463837,0.0,True,0.06322060774260027,1.2554693650480855,0.06322060774260027,0.6771035984940185,0.06322060774260027,CE+PDM,2
h5,22,True,"NameError: name 'pd' is not defined
Traceback (most recent call last):
  File ""C:\Users\santi\AppData\Local\Temp\ipykernel_32392\651301854.py"", line 467, in _analyze_star
    base['OGLE_Class'] = guess_ogle_class(P_final)
                         ^^^^^^^^^^^^^^^^^^^^^^^^^
  File ""C:\Users\santi\AppData\Local\Temp\ipykernel_32392\651301854.py"", line 776, in guess_ogle_class
    if pd.isna(p_final) or p_final <= 0:
       ^^
NameError: name 'pd' is not defined
",209,2236.8866499999995,18.86692822966507,0.15708544226123727,0.043,3.484155219729849,0.14981867444838348,0.573340164039472,False,0.573340164039472,0.6303945350576055,1.9091747650468066e-41,True,0.5733257946118018,0.811725424574233,0.5733257946118018,0.22999560787163775,0.5733305844210251,LS+CE+PDM,3
h5,23,True,"NameError: name 'pd' is not defined
Traceback (most recent call last):
  File ""C:\Users\santi\AppData\Local\Temp\ipykernel_32392\651301854.py"", line 467, in _analyze_star
    base['OGLE_Class'] = guess_ogle_class(P_final)
                         ^^^^^^^^^^^^^^^^^^^^^^^^^
  File ""C:\Users\santi\AppData\Local\Temp\ipykernel_32392\651301854.py"", line 776, in guess_ogle_class
    if pd.isna(p_final) or p_final <= 0:
       ^^
NameError: name 'pd' is not defined
",146,2505.169240000001,17.606650684931505,0.0833712587924105,0.028,2.778431998442478,0.07779609595638938,0.1332444692654232,False,0.1332444692654232,0.634128157929999,1.8390367468190737e-28,True,0.13324780872580577,0.980648594442262,0.13324780872580577,0.5912236609989904,0.13324669557234492,LS+CE+PDM,3
h5,24,True,"NameError: name 'pd' is not defined
Traceback (most recent call last):
  File ""C:\Users\santi\AppData\Local\Temp\ipykernel_32392\651301854.py"", line 467, in _analyze_star
    base['OGLE_Class'] = guess_ogle_class(P_final)
                         ^^^^^^^^^^^^^^^^^^^^^^^^^
  File ""C:\Users\santi\AppData\Local\Temp\ipykernel_32392\651301854.py"", line 776, in guess_ogle_class
    if pd.isna(p_final) or p_final <= 0:
       ^^
NameError: name 'pd' is not defined
",467,2708.8188,15.965241970021413,0.10607345881002393,0.006,17.65012968911444,0.10590077813468664,0.26883870583564906,False,0.26883870583564906,0.9338057545696622,2.0001251406811335e-269,True,0.26884544364782537,0.8550771930024834,0.26884544364782537,0.2616031579920685,0.26884319771043325,LS+CE+PDM,3
h5,25,True,"NameError: name 'pd' is not defined
Traceback (most recent call last):
  File ""C:\Users\santi\AppData\Local\Temp\ipykernel_32392\651301854.py"", line 467, in _analyze_star
    base['OGLE_Class'] = guess_ogle_class(P_final)
                         ^^^^^^^^^^^^^^^^^^^^^^^^^
  File ""C:\Users\santi\AppData\Local\Temp\ipykernel_32392\651301854.py"", line 776, in guess_ogle_class
    if pd.isna(p_final) or p_final <= 0:
       ^^
NameError: name 'pd' is not defined
",496,2246.9436799999994,15.635052419354839,0.0812297233390023,0.005,16.213427591914872,0.08106713795957436,1.8886641001933253,False,1.8886641001933253,0.9758004180613832,0.0,True,1.8886167652534709,0.41229296710111846,1.8886167652534709,0.04153831193519408,1.8886325435667557,LS+CE+PDM,3
h5,26,True,"NameError: name 'pd' is not defined
Traceback (most recent call last):
  File ""C:\Users\santi\AppData\Local\Temp\ipykernel_32392\651301854.py"", line 467, in _analyze_star
    base['OGLE_Class'] = guess_ogle_class(P_final)
                         ^^^^^^^^^^^^^^^^^^^^^^^^^
  File ""C:\Users\santi\AppData\Local\Temp\ipykernel_32392\651301854.py"", line 776, in guess_ogle_class
    if pd.isna(p_final) or p_final <= 0:
       ^^
NameError: name 'pd' is not defined
",121,1598.8619799999997,15.389603305785124,0.08305585262729759,0.007,11.81572140317746,0.08271004982224221,0.2988582926783678,False,0.2988582926783678,0.9771513024677043,2.074931636565925e-93,True,0.2988657828611417,0.5711150065012516,0.2988657828611417,0.07738402555843736,0.29886328613355034,LS+CE+PDM,3
h5,27,True,"NameError: name 'pd' is not defined
Traceback (most recent call last):
  File ""C:\Users\santi\AppData\Local\Temp\ipykernel_32392\651301854.py"", line 467, in _analyze_star
    base['OGLE_Class'] = guess_ogle_class(P_final)
                         ^^^^^^^^^^^^^^^^^^^^^^^^^
  File ""C:\Users\santi\AppData\Local\Temp\ipykernel_32392\651301854.py"", line 776, in guess_ogle_class
    if pd.isna(p_final) or p_final <= 0:
       ^^
NameError: name 'pd' is not defined
",438,2232.93149,16.686502283105025,0.03818614823430484,0.008,4.6726789269667055,0.03738143141573364,0.7813189719724273,False,0.7813189719724273,0.9316265077427839,2.3403756998499664e-249,True,0.7813385539015494,0.6727650619986038,0.7813385539015494,0.08904115618957327,0.781332026591842,LS+CE+PDM,3
h5,28,False,snr<threshold,5773,5195.8374299998395,18.57687632080374,0.04866211393705494,0.04,0.5808015389779386,0.023232061559117546,nan,False,nan,nan,nan,False,nan,nan,nan,nan,nan,,0
h5,29,True,"NameError: name 'pd' is not defined
Traceback (most recent call last):
  File ""C:\Users\santi\AppData\Local\Temp\ipykernel_32392\651301854.py"", line 467, in _analyze_star
    base['OGLE_Class'] = guess_ogle_class(P_final)
                         ^^^^^^^^^^^^^^^^^^^^^^^^^
  File ""C:\Users\santi\AppData\Local\Temp\ipykernel_32392\651301854.py"", line 776, in guess_ogle_class
    if pd.isna(p_final) or p_final <= 0:
       ^^
NameError: name 'pd' is not defined
",128,3284.0477799996734,14.4423671875,0.09268682950495769,0.005,18.510373700907387,0.09255186850453694,0.26177932260401854,False,0.26177932260401854,0.9716351538917619,2.972596109147269e-93,True,0.35496434143553585,0.9299945549161469,0.2617858834892968,0.31937382907502393,0.2617858834892968,LS+PDM,2
h5,2a,True,"NameError: name 'pd' is not defined
Traceback (most recent call last):
  File ""C:\Users\santi\AppData\Local\Temp\ipykernel_32392\651301854.py"", line 467, in _analyze_star
    base['OGLE_Class'] = guess_ogle_class(P_final)
                         ^^^^^^^^^^^^^^^^^^^^^^^^^
  File ""C:\Users\santi\AppData\Local\Temp\ipykernel_32392\651301854.py"", line 776, in guess_ogle_class
    if pd.isna(p_final) or p_final <= 0:
       ^^
NameError: name 'pd' is not defined
",719,2421.6348900000003,15.361394993045895,0.09494524020638496,0.005,18.96083133540776,0.09480415667703881,0.3007046751601848,False,0.3007046751601848,0.9196121133841875,0.0,True,0.30069713870216075,0.8351004755166287,0.3007122116182088,0.23084045611158507,0.3007046751601848,LS+CE+PDM,3
h5,2b,True,"NameError: name 'pd' is not defined
Traceback (most recent call last):
  File ""C:\Users\santi\AppData\Local\Temp\ipykernel_32392\651301854.py"", line 467, in _analyze_star
    base['OGLE_Class'] = guess_ogle_class(P_final)
                         ^^^^^^^^^^^^^^^^^^^^^^^^^
  File ""C:\Users\santi\AppData\Local\Temp\ipykernel_32392\651301854.py"", line 776, in guess_ogle_class
    if pd.isna(p_final) or p_final <= 0:
       ^^
NameError: name 'pd' is not defined
",5680,5195.859850000124,18.400973591549295,0.10543202198004771,0.024,4.265322397361691,0.1023677375366806,1.0138065306043051,False,1.0138065306043051,0.2954240342770868,0.0,True,1.0137811219193276,0.8398800266230733,1.0137811219193276,0.28454258095609175,1.013789591480987,LS+CE+PDM,3
h5,2c,True,"NameError: name 'pd' is not defined
Traceback (most recent call last):
  File ""C:\Users\santi\AppData\Local\Temp\ipykernel_32392\651301854.py"", line 467, in _analyze_star
    base['OGLE_Class'] = guess_ogle_class(P_final)
                         ^^^^^^^^^^^^^^^^^^^^^^^^^
  File ""C:\Users\santi\AppData\Local\Temp\ipykernel_32392\651301854.py"", line 776, in guess_ogle_class
    if pd.isna(p_final) or p_final <= 0:
       ^^
NameError: name 'pd' is not defined
",384,5179.892140000127,14.420690104166667,0.05247981390853283,0.005,10.44821681986785,0.05224108409933925,0.21999686306821856,False,0.21999686306821856,0.9679681605889927,1.1736171461709432e-280,True,0.28204672539507825,1.2424242984525147,0.28204672539507825,0.48580845772686193,0.28204672539507825,CE+PDM,2
h5,2d,True,"NameError: name 'pd' is not defined
Traceback (most recent call last):
  File ""C:\Users\santi\AppData\Local\Temp\ipykernel_32392\651301854.py"", line 467, in _analyze_star
    base['OGLE_Class'] = guess_ogle_class(P_final)
                         ^^^^^^^^^^^^^^^^^^^^^^^^^
  File ""C:\Users\santi\AppData\Local\Temp\ipykernel_32392\651301854.py"", line 776, in guess_ogle_class
    if pd.isna(p_final) or p_final <= 0:
       ^^
NameError: name 'pd' is not defined
",606,2076.58086,15.157518151815182,0.07029754119502456,0.005,14.022993952127088,0.07011496976063544,2.556421100578604,False,2.556421100578604,0.9873389464711391,0.0,True,2.556485171282879,0.38359844663504794,2.556485171282879,0.041228944414215346,2.556463814381454,LS+CE+PDM,3
h5,2e,True,"NameError: name 'pd' is not defined
Traceback (most recent call last):
  File ""C:\Users\santi\AppData\Local\Temp\ipykernel_32392\651301854.py"", line 467, in _analyze_star
    base['OGLE_Class'] = guess_ogle_class(P_final)
                         ^^^^^^^^^^^^^^^^^^^^^^^^^
  File ""C:\Users\santi\AppData\Local\Temp\ipykernel_32392\651301854.py"", line 776, in guess_ogle_class
    if pd.isna(p_final) or p_final <= 0:
       ^^
NameError: name 'pd' is not defined
",378,2221.0187799999994,15.884193121693123,0.10301346647973177,0.006,17.139853969365223,0.10283912381619134,2.5429571559422937,False,2.5429571559422937,0.7838363239086428,4.076066561018336e-121,True,2.5431483557284547,0.45443487549120803,2.5430208892043473,0.07871578898739924,2.543042133625032,LS+CE+PDM,3
h5,2f,True,"NameError: name 'pd' is not defined
Traceback (most recent call last):
  File ""C:\Users\santi\AppData\Local\Temp\ipykernel_32392\651301854.py"", line 467, in _analyze_star
    base['OGLE_Class'] = guess_ogle_class(P_final)
                         ^^^^^^^^^^^^^^^^^^^^^^^^^
  File ""C:\Users\santi\AppData\Local\Temp\ipykernel_32392\651301854.py"", line 776, in guess_ogle_class
    if pd.isna(p_final) or p_final <= 0:
       ^^
NameError: name 'pd' is not defined
",2000,2706.68959,15.944336500000002,0.11895574177819668,0.006,19.796408205362944,0.11877844923217766,0.2753723181947666,False,0.2753723181947666,0.9511685475503002,0.0,True,0.2753792197566261,0.7779446444967375,0.2753792197566261,0.14920026660376176,0.27537691923600627,LS+CE+PDM,3
h5,30,True,"NameError: name 'pd' is not defined
Traceback (most recent call last):
  File ""C:\Users\santi\AppData\Local\Temp\ipykernel_32392\651301854.py"", line 467, in _analyze_star
    base['OGLE_Class'] = guess_ogle_class(P_final)
                         ^^^^^^^^^^^^^^^^^^^^^^^^^
  File ""C:\Users\santi\AppData\Local\Temp\ipykernel_32392\651301854.py"", line 776, in guess_ogle_class
    if pd.isna(p_final) or p_final <= 0:
       ^^
NameError: name 'pd' is not defined
",652,5175.872659999877,18.54120398773006,0.20621783133998906,0.032,6.340475746509007,0.20289522388828823,3.4036119287169573,False,3.4036119287169573,0.2719329833375419,3.5482437465089823e-41,True,3.4035266251598464,0.2953285557264975,3.4035266251598464,0.5638844726559086,3.4035550596788835,LS+CE+PDM,3
h5,31,False,snr<threshold,670,5175.887899999974,20.632541791044776,0.28534881056674244,0.144,1.560489084503549,0.22471042816851106,nan,False,nan,nan,nan,False,nan,nan,nan,nan,nan,,0
h5,32,True,"NameError: name 'pd' is not defined
Traceback (most recent call last):
  File ""C:\Users\santi\AppData\Local\Temp\ipykernel_32392\651301854.py"", line 467, in _analyze_star
    base['OGLE_Class'] = guess_ogle_class(P_final)
                         ^^^^^^^^^^^^^^^^^^^^^^^^^
  File ""C:\Users\santi\AppData\Local\Temp\ipykernel_32392\651301854.py"", line 776, in guess_ogle_class
    if pd.isna(p_final) or p_final <= 0:
       ^^
NameError: name 'pd' is not defined
",110,497.78778999997303,13.181836363636368,0.1742474001634451,0.005,34.83512966171922,0.1741756483085961,0.1653230787113826,True,0.19816392914011663,0.779649983808239,1.786272841327049e-32,True,0.14182343757391286,0.550463965788308,0.33065087488454015,0.16390399894003768,0.14182343757391286,CE-only,1
h5,33,False,snr<threshold,431,2233.8686,19.103406032482596,0.08095649052962568,0.039,1.7633402703437915,0.06877027054340787,nan,False,nan,nan,nan,False,nan,nan,nan,nan,nan,,0
h5,34,True,"NameError: name 'pd' is not defined
Traceback (most recent call last):
  File ""C:\Users\santi\AppData\Local\Temp\ipykernel_32392\651301854.py"", line 467, in _analyze_star
    base['OGLE_Class'] = guess_ogle_class(P_final)
                         ^^^^^^^^^^^^^^^^^^^^^^^^^
  File ""C:\Users\santi\AppData\Local\Temp\ipykernel_32392\651301854.py"", line 776, in guess_ogle_class
    if pd.isna(p_final) or p_final <= 0:
       ^^
NameError: name 'pd' is not defined
",383,2183.01652,13.5331227154047,0.14400704636970238,0.005,28.784043777152373,0.14392021888576187,10.9150826,False,10.9150826,0.9247475814531868,1.476619146029034e-209,True,10.91699752677193,0.4177043384659369,10.919186014511277,0.04846968175345848,10.917088713761068,LS+CE+PDM,3
h5,35,True,"NameError: name 'pd' is not defined
Traceback (most recent call last):
  File ""C:\Users\santi\AppData\Local\Temp\ipykernel_32392\651301854.py"", line 467, in _analyze_star
    base['OGLE_Class'] = guess_ogle_class(P_final)
                         ^^^^^^^^^^^^^^^^^^^^^^^^^
  File ""C:\Users\santi\AppData\Local\Temp\ipykernel_32392\651301854.py"", line 776, in guess_ogle_class
    if pd.isna(p_final) or p_final <= 0:
       ^^
NameError: name 'pd' is not defined
",611,2246.85135,18.899438625204585,0.10714608113397868,0.032,3.1660026730815525,0.10131208553860968,0.35372901808907564,False,0.35372901808907564,0.7808969233962023,1.591218508589027e-196,True,0.3537201527001511,0.943156274791841,0.3537201527001511,0.29412198253977223,0.35372310782979266,LS+CE+PDM,3
h5,36,True,"NameError: name 'pd' is not defined
Traceback (most recent call last):
  File ""C:\Users\santi\AppData\Local\Temp\ipykernel_32392\651301854.py"", line 467, in _analyze_star
    base['OGLE_Class'] = guess_ogle_class(P_final)
                         ^^^^^^^^^^^^^^^^^^^^^^^^^
  File ""C:\Users\santi\AppData\Local\Temp\ipykernel_32392\651301854.py"", line 776, in guess_ogle_class
    if pd.isna(p_final) or p_final <= 0:
       ^^
NameError: name 'pd' is not defined
",297,2184.96245,15.615060606060608,0.137263468657942,0.005,27.43254762530577,0.13716273812652885,2.4914053021664766,False,2.4914053021664766,0.7725780859037368,4.699816821310731e-91,True,2.4915926258734062,0.4077090819458731,2.4915926258734062,0.08286858626827918,2.491530184637763,LS+CE+PDM,3
h5,37,True,"NameError: name 'pd' is not defined
Traceback (most recent call last):
  File ""C:\Users\santi\AppData\Local\Temp\ipykernel_32392\651301854.py"", line 467, in _analyze_star
    base['OGLE_Class'] = guess_ogle_class(P_final)
                         ^^^^^^^^^^^^^^^^^^^^^^^^^
  File ""C:\Users\santi\AppData\Local\Temp\ipykernel_32392\651301854.py"", line 776, in guess_ogle_class
    if pd.isna(p_final) or p_final <= 0:
       ^^
NameError: name 'pd' is not defined
",155,3610.0294400001876,16.835322580645162,0.03626739358504926,0.01,3.4855572498914222,0.034855572498914224,0.378723412469465,False,0.378723412469465,0.2017469476052863,3.681785242391598e-05,True,0.6106018103671904,0.6900240268171192,0.6106018103671904,0.5246830664004151,0.6106018103671904,CE+PDM,2
h5,38,True,"NameError: name 'pd' is not defined
Traceback (most recent call last):
  File ""C:\Users\santi\AppData\Local\Temp\ipykernel_32392\651301854.py"", line 467, in _analyze_star
    base['OGLE_Class'] = guess_ogle_class(P_final)
                         ^^^^^^^^^^^^^^^^^^^^^^^^^
  File ""C:\Users\santi\AppData\Local\Temp\ipykernel_32392\651301854.py"", line 776, in guess_ogle_class
    if pd.isna(p_final) or p_final <= 0:
       ^^
NameError: name 'pd' is not defined
",186,1494.9923,19.26615053763441,0.14481809251135816,0.058,2.2332286934732415,0.129527264221448,0.6842696356645916,False,0.6842696356645916,0.5619592965399262,7.904918533634801e-30,True,0.6842867852795206,0.8816298692958404,0.6842867852795206,0.34612097233955236,0.684281068741211,LS+CE+PDM,3
h5,39,True,"NameError: name 'pd' is not defined
Traceback (most recent call last):
  File ""C:\Users\santi\AppData\Local\Temp\ipykernel_32392\651301854.py"", line 467, in _analyze_star
    base['OGLE_Class'] = guess_ogle_class(P_final)
                         ^^^^^^^^^^^^^^^^^^^^^^^^^
  File ""C:\Users\santi\AppData\Local\Temp\ipykernel_32392\651301854.py"", line 776, in guess_ogle_class
    if pd.isna(p_final) or p_final <= 0:
       ^^
NameError: name 'pd' is not defined
",469,2165.9746800000003,18.551360341151387,0.14283180071542143,0.033,4.185547867885455,0.13812307964022003,0.676888240257508,False,0.676888240257508,0.737509311502498,1.257888271505977e-131,True,0.6768712756399577,0.638753510917826,0.6769052048750583,0.18379603439873773,0.676888240257508,LS+CE+PDM,3
h5,3a,True,"NameError: name 'pd' is not defined
Traceback (most recent call last):
  File ""C:\Users\santi\AppData\Local\Temp\ipykernel_32392\651301854.py"", line 467, in _analyze_star
    base['OGLE_Class'] = guess_ogle_class(P_final)
                         ^^^^^^^^^^^^^^^^^^^^^^^^^
  File ""C:\Users\santi\AppData\Local\Temp\ipykernel_32392\651301854.py"", line 776, in guess_ogle_class
    if pd.isna(p_final) or p_final <= 0:
       ^^
NameError: name 'pd' is not defined
",670,2246.85135,18.963464179104477,0.11762562943507573,0.035,3.1776207684994477,0.11121672689748067,0.2754777163384909,False,0.2754777163384909,0.7970101253244745,5.627912986162392e-227,True,0.2754708121350739,0.8702157147090375,0.2754708121350739,0.2604480609709496,0.2754731135362129,LS+CE+PDM,3
h5,3b,True,"NameError: name 'pd' is not defined
Traceback (most recent call last):
  File ""C:\Users\santi\AppData\Local\Temp\ipykernel_32392\651301854.py"", line 467, in _analyze_star
    base['OGLE_Class'] = guess_ogle_class(P_final)
                         ^^^^^^^^^^^^^^^^^^^^^^^^^
  File ""C:\Users\santi\AppData\Local\Temp\ipykernel_32392\651301854.py"", line 776, in guess_ogle_class
    if pd.isna(p_final) or p_final <= 0:
       ^^
NameError: name 'pd' is not defined
",2000,3503.7019499999997,16.514335000000003,0.07908150047171864,0.01,7.838610346776038,0.07838610346776038,0.13174040533172904,False,0.13174040533172904,0.7883644418009962,0.0,True,0.11640595131743262,1.162108701792567,0.15172770120083418,0.7033710170769021,0.11640595131743262,CE-only,1
h5,3c,True,"NameError: name 'pd' is not defined
Traceback (most recent call last):
  File ""C:\Users\santi\AppData\Local\Temp\ipykernel_32392\651301854.py"", line 467, in _analyze_star
    base['OGLE_Class'] = guess_ogle_class(P_final)
                         ^^^^^^^^^^^^^^^^^^^^^^^^^
  File ""C:\Users\santi\AppData\Local\Temp\ipykernel_32392\651301854.py"", line 776, in guess_ogle_class
    if pd.isna(p_final) or p_final <= 0:
       ^^
NameError: name 'pd' is not defined
",105,948.64426,15.928276190476193,0.23959627482167775,0.01,23.938889192084833,0.23938889192084833,0.5516335756236553,False,0.5516335756236553,0.6917722763770975,2.4861158827441072e-23,True,0.5516197502207575,0.2685554102155703,0.5516197502207575,0.05055405320935002,0.5516243586883901,LS+CE+PDM,3
h5,3d,True,"NameError: name 'pd' is not defined
Traceback (most recent call last):
  File ""C:\Users\santi\AppData\Local\Temp\ipykernel_32392\651301854.py"", line 467, in _analyze_star
    base['OGLE_Class'] = guess_ogle_class(P_final)
                         ^^^^^^^^^^^^^^^^^^^^^^^^^
  File ""C:\Users\santi\AppData\Local\Temp\ipykernel_32392\651301854.py"", line 776, in guess_ogle_class
    if pd.isna(p_final) or p_final <= 0:
       ^^
NameError: name 'pd' is not defined
",130,3567.040950000286,12.858184615384616,0.17386142502095178,0.005,34.757902761999915,0.17378951380999957,0.21940894664002988,False,0.21940894664002988,0.9224801288499094,1.2835451012538308e-67,True,0.2194144456111236,0.6306672004145466,0.2194144456111236,0.16231727844537708,0.21941261262075903,LS+CE+PDM,3
h5,3e,False,snr<threshold,5108,5195.840820000041,20.928923061863742,0.30764958386225594,0.198,1.0577497842993981,0.20943445729128085,nan,False,nan,nan,nan,False,nan,nan,nan,nan,nan,,0
h5,3f,True,"NameError: name 'pd' is not defined
Traceback (most recent call last):
  File ""C:\Users\santi\AppData\Local\Temp\ipykernel_32392\651301854.py"", line 467, in _analyze_star
    base['OGLE_Class'] = guess_ogle_class(P_final)
                         ^^^^^^^^^^^^^^^^^^^^^^^^^
  File ""C:\Users\santi\AppData\Local\Temp\ipykernel_32392\651301854.py"", line 776, in guess_ogle_class
    if pd.isna(p_final) or p_final <= 0:
       ^^
NameError: name 'pd' is not defined
",512,2230.8035499999996,16.7185234375,0.0696639082665525,0.009,7.67269944758096,0.06905429502822863,0.7057271591268586,False,0.7057271591268586,0.9287642862844045,7.213210391976962e-288,True,0.7057094717293867,0.5721004653772964,0.7057094717293867,0.08324790357151916,0.705715367528544,LS+CE+PDM,3
h5,40,True,"NameError: name 'pd' is not defined
Traceback (most recent call last):
  File ""C:\Users\santi\AppData\Local\Temp\ipykernel_32392\651301854.py"", line 467, in _analyze_star
    base['OGLE_Class'] = guess_ogle_class(P_final)
                         ^^^^^^^^^^^^^^^^^^^^^^^^^
  File ""C:\Users\santi\AppData\Local\Temp\ipykernel_32392\651301854.py"", line 776, in guess_ogle_class
    if pd.isna(p_final) or p_final <= 0:
       ^^
NameError: name 'pd' is not defined
",642,2246.8514399999995,18.90532710280374,0.21311684924655488,0.032,6.567044893235946,0.21014543658355025,0.5827954867325499,False,0.5827954867325499,0.6490641308633326,1.846885073587375e-141,True,0.5827808803293736,0.6380687574172419,0.5827808803293736,0.21931840396384839,0.5827857491304324,LS+CE+PDM,3
h5,41,True,"NameError: name 'pd' is not defined
Traceback (most recent call last):
  File ""C:\Users\santi\AppData\Local\Temp\ipykernel_32392\651301854.py"", line 467, in _analyze_star
    base['OGLE_Class'] = guess_ogle_class(P_final)
                         ^^^^^^^^^^^^^^^^^^^^^^^^^
  File ""C:\Users\santi\AppData\Local\Temp\ipykernel_32392\651301854.py"", line 776, in guess_ogle_class
    if pd.isna(p_final) or p_final <= 0:
       ^^
NameError: name 'pd' is not defined
",190,2531.9598699999997,14.918036842105264,0.07290294853652252,0.007,10.363985719844301,0.07254790003891011,0.1089038418030495,False,0.1089038418030495,0.8624385879274856,3.489119489467064e-77,True,0.12225736229953992,1.1447339881529424,0.12225736229953992,0.6133657232628722,0.12225736229953992,CE+PDM,2
h5,42,True,"NameError: name 'pd' is not defined
Traceback (most recent call last):
  File ""C:\Users\santi\AppData\Local\Temp\ipykernel_32392\651301854.py"", line 467, in _analyze_star
    base['OGLE_Class'] = guess_ogle_class(P_final)
                         ^^^^^^^^^^^^^^^^^^^^^^^^^
  File ""C:\Users\santi\AppData\Local\Temp\ipykernel_32392\651301854.py"", line 776, in guess_ogle_class
    if pd.isna(p_final) or p_final <= 0:
       ^^
NameError: name 'pd' is not defined
",112,520.7190199999995,17.750392857142856,0.12680483387657548,0.03,4.079536840760339,0.12238610522281017,0.05054003358212572,False,0.05054003358212572,0.8291972464987327,7.991121971901543e-39,True,0.050538766914617395,0.9694417808473237,0.050538766914617395,0.41092604155561824,0.05053918913712017,LS+CE+PDM,3
h5,43,True,"NameError: name 'pd' is not defined
Traceback (most recent call last):
  File ""C:\Users\santi\AppData\Local\Temp\ipykernel_32392\651301854.py"", line 467, in _analyze_star
    base['OGLE_Class'] = guess_ogle_class(P_final)
                         ^^^^^^^^^^^^^^^^^^^^^^^^^
  File ""C:\Users\santi\AppData\Local\Temp\ipykernel_32392\651301854.py"", line 776, in guess_ogle_class
    if pd.isna(p_final) or p_final <= 0:
       ^^
NameError: name 'pd' is not defined
",1702,2713.8176000000003,15.509816098707402,0.14942420436667747,0.004,37.33817316991218,0.14935269267964874,0.47318621844050784,False,0.47318621844050784,0.6538398673980236,0.0,True,0.4731743591367875,0.5521814293198265,0.4731743591367875,0.20357434363378238,0.4731783122380276,LS+CE+PDM,3
h5,44,False,snr<threshold,996,5194.901850000024,19.41113152610442,0.08995736438511245,0.06,0.9667699619208742,0.05800619771525245,nan,False,nan,nan,nan,False,nan,nan,nan,nan,nan,,0
h5,45,True,"NameError: name 'pd' is not defined
Traceback (most recent call last):
  File ""C:\Users\santi\AppData\Local\Temp\ipykernel_32392\651301854.py"", line 467, in _analyze_star
    base['OGLE_Class'] = guess_ogle_class(P_final)
                         ^^^^^^^^^^^^^^^^^^^^^^^^^
  File ""C:\Users\santi\AppData\Local\Temp\ipykernel_32392\651301854.py"", line 776, in guess_ogle_class
    if pd.isna(p_final) or p_final <= 0:
       ^^
NameError: name 'pd' is not defined
",596,2394.7114199999996,18.545092281879196,0.11425992720783862,0.041,2.550208338955264,0.10455854189716583,0.06517924192442107,False,0.06517924192442107,0.6763247084805659,2.1366746756536902e-141,True,0.06516780696969748,1.285673552417275,0.06516780696969748,0.7875931493455551,0.065171618621272,LS+CE+PDM,3
h5,46,True,"NameError: name 'pd' is not defined
Traceback (most recent call last):
  File ""C:\Users\santi\AppData\Local\Temp\ipykernel_32392\651301854.py"", line 467, in _analyze_star
    base['OGLE_Class'] = guess_ogle_class(P_final)
                         ^^^^^^^^^^^^^^^^^^^^^^^^^
  File ""C:\Users\santi\AppData\Local\Temp\ipykernel_32392\651301854.py"", line 776, in guess_ogle_class
    if pd.isna(p_final) or p_final <= 0:
       ^^
NameError: name 'pd' is not defined
",662,5175.901000000071,18.090351963746222,0.06700821852688628,0.026,2.3447605297431307,0.06096377377332139,0.2862017274175037,False,0.2862017274175037,0.8352704163230381,5.9710044172687826e-254,True,0.2861945544418792,1.1830472585388148,0.2861945544418792,0.5182587218106185,0.286196945433754,LS+CE+PDM,3
h5,47,True,"NameError: name 'pd' is not defined
Traceback (most recent call last):
  File ""C:\Users\santi\AppData\Local\Temp\ipykernel_32392\651301854.py"", line 467, in _analyze_star
    base['OGLE_Class'] = guess_ogle_class(P_final)
                         ^^^^^^^^^^^^^^^^^^^^^^^^^
  File ""C:\Users\santi\AppData\Local\Temp\ipykernel_32392\651301854.py"", line 776, in guess_ogle_class
    if pd.isna(p_final) or p_final <= 0:
       ^^
NameError: name 'pd' is not defined
",101,1635.6565700001083,17.19209900990099,0.09181258137646436,0.022,4.029833512396253,0.08865633727271757,1.5139361069975086,False,1.5139361069975086,0.861944367537605,1.469775291300098e-39,True,1.5135946176500656,0.6482338955793843,1.5138981637366815,0.15334496970921332,1.5138096294614185,LS+CE+PDM,3
h5,48,True,"NameError: name 'pd' is not defined
Traceback (most recent call last):
  File ""C:\Users\santi\AppData\Local\Temp\ipykernel_32392\651301854.py"", line 467, in _analyze_star
    base['OGLE_Class'] = guess_ogle_class(P_final)
                         ^^^^^^^^^^^^^^^^^^^^^^^^^
  File ""C:\Users\santi\AppData\Local\Temp\ipykernel_32392\651301854.py"", line 776, in guess_ogle_class
    if pd.isna(p_final) or p_final <= 0:
       ^^
NameError: name 'pd' is not defined
",638,5175.904899999965,17.804628526645768,0.058278939500891636,0.018,3.053231594309143,0.05495816869756457,8.017200898389042,False,8.017200898389042,0.8796175469456153,9.751065779423939e-288,True,8.017401830742385,0.8277918889065552,8.017401830742385,0.1526011092550264,8.017334853291272,LS+CE+PDM,3
h5,49,True,"NameError: name 'pd' is not defined
Traceback (most recent call last):
  File ""C:\Users\santi\AppData\Local\Temp\ipykernel_32392\651301854.py"", line 467, in _analyze_star
    base['OGLE_Class'] = guess_ogle_class(P_final)
                         ^^^^^^^^^^^^^^^^^^^^^^^^^
  File ""C:\Users\santi\AppData\Local\Temp\ipykernel_32392\651301854.py"", line 776, in guess_ogle_class
    if pd.isna(p_final) or p_final <= 0:
       ^^
NameError: name 'pd' is not defined
",158,2515.8563299999996,15.90999367088608,0.03850097142217973,0.01,3.7176819924409976,0.03717681992440998,0.06856315283152559,False,0.06856315283152559,0.852785911551634,2.498952149598689e-61,True,0.06416393292407337,1.1505338416273438,0.06416393292407337,0.5254041591787504,0.06416393292407337,CE+PDM,2
h5,4a,True,"NameError: name 'pd' is not defined
Traceback (most recent call last):
  File ""C:\Users\santi\AppData\Local\Temp\ipykernel_32392\651301854.py"", line 467, in _analyze_star
    base['OGLE_Class'] = guess_ogle_class(P_final)
                         ^^^^^^^^^^^^^^^^^^^^^^^^^
  File ""C:\Users\santi\AppData\Local\Temp\ipykernel_32392\651301854.py"", line 776, in guess_ogle_class
    if pd.isna(p_final) or p_final <= 0:
       ^^
NameError: name 'pd' is not defined
",1544,2713.8226299999997,16.545830958549224,0.08522277193094503,0.007,12.120328298167843,0.0848422980871749,0.31309604970176624,False,0.31309604970176624,0.9495673227873717,0.0,True,0.3130882026829767,0.8991307273750939,0.3130882026829767,0.18645299457867087,0.3130908183559065,LS+CE+PDM,3
h5,4b,True,"NameError: name 'pd' is not defined
Traceback (most recent call last):
  File ""C:\Users\santi\AppData\Local\Temp\ipykernel_32392\651301854.py"", line 467, in _analyze_star
    base['OGLE_Class'] = guess_ogle_class(P_final)
                         ^^^^^^^^^^^^^^^^^^^^^^^^^
  File ""C:\Users\santi\AppData\Local\Temp\ipykernel_32392\651301854.py"", line 776, in guess_ogle_class
    if pd.isna(p_final) or p_final <= 0:
       ^^
NameError: name 'pd' is not defined
",667,2245.9122199999993,15.500608695652172,0.13107584896742175,0.005,26.193570457236557,0.1309678522861828,3.1929374751208406,False,3.1929374751208406,0.7885743059240696,4.64404713126439e-220,True,3.1928574516252235,0.3647958576535119,3.1928574516252235,0.06122544794921086,3.192884126123763,LS+CE+PDM,3
h5,4c,True,"NameError: name 'pd' is not defined
Traceback (most recent call last):
  File ""C:\Users\santi\AppData\Local\Temp\ipykernel_32392\651301854.py"", line 467, in _analyze_star
    base['OGLE_Class'] = guess_ogle_class(P_final)
                         ^^^^^^^^^^^^^^^^^^^^^^^^^
  File ""C:\Users\santi\AppData\Local\Temp\ipykernel_32392\651301854.py"", line 776, in guess_ogle_class
    if pd.isna(p_final) or p_final <= 0:
       ^^
NameError: name 'pd' is not defined
",443,2238.8929399999997,15.096683972911961,0.07848765295018206,0.005,15.664251166063645,0.07832125583031822,3.5487287050245677,False,3.5487287050245677,0.9435325929097177,1.6698306563344958e-270,True,3.5482840021793267,0.3436788825566997,3.5486397644555194,0.0411166737484906,3.548550823886471,LS+CE+PDM,3
h5,4d,True,"NameError: name 'pd' is not defined
Traceback (most recent call last):
  File ""C:\Users\santi\AppData\Local\Temp\ipykernel_32392\651301854.py"", line 467, in _analyze_star
    base['OGLE_Class'] = guess_ogle_class(P_final)
                         ^^^^^^^^^^^^^^^^^^^^^^^^^
  File ""C:\Users\santi\AppData\Local\Temp\ipykernel_32392\651301854.py"", line 776, in guess_ogle_class
    if pd.isna(p_final) or p_final <= 0:
       ^^
NameError: name 'pd' is not defined
",487,2246.94254,15.515186858316222,0.07800517018705866,0.005,15.568516649799463,0.07784258324899732,2.710425259348613,False,2.710425259348613,0.9869841827466153,0.0,True,2.710493189806241,0.35912786291484466,2.710493189806241,0.04251436082083668,2.7104705463203653,LS+CE+PDM,3
h5,4e,True,"NameError: name 'pd' is not defined
Traceback (most recent call last):
  File ""C:\Users\santi\AppData\Local\Temp\ipykernel_32392\651301854.py"", line 467, in _analyze_star
    base['OGLE_Class'] = guess_ogle_class(P_final)
                         ^^^^^^^^^^^^^^^^^^^^^^^^^
  File ""C:\Users\santi\AppData\Local\Temp\ipykernel_32392\651301854.py"", line 776, in guess_ogle_class
    if pd.isna(p_final) or p_final <= 0:
       ^^
NameError: name 'pd' is not defined
",473,2203.93922,14.598397463002113,0.14651963249139827,0.005,29.286858968086293,0.14643429484043147,5.106439341983319,False,5.106439341983319,0.8532972101345193,4.24061908323228e-192,True,5.106055399175651,0.32815882014936537,5.10631136104743,0.04207359448554213,5.106268700735467,LS+CE+PDM,3
h5,4f,True,"NameError: name 'pd' is not defined
Traceback (most recent call last):
  File ""C:\Users\santi\AppData\Local\Temp\ipykernel_32392\651301854.py"", line 467, in _analyze_star
    base['OGLE_Class'] = guess_ogle_class(P_final)
                         ^^^^^^^^^^^^^^^^^^^^^^^^^
  File ""C:\Users\santi\AppData\Local\Temp\ipykernel_32392\651301854.py"", line 776, in guess_ogle_class
    if pd.isna(p_final) or p_final <= 0:
       ^^
NameError: name 'pd' is not defined
",191,2225.95497,18.743104712041884,0.18401470058207675,0.037,4.855312428691478,0.1796465598615847,0.5661270556219637,False,0.5661270556219637,0.6870969518795607,2.756499252294514e-44,True,0.5661412442699744,0.715558138052501,0.5661412442699744,0.2695023426748196,0.5661365147206375,LS+CE+PDM,3
h5,50,True,"NameError: name 'pd' is not defined
Traceback (most recent call last):
  File ""C:\Users\santi\AppData\Local\Temp\ipykernel_32392\651301854.py"", line 467, in _analyze_star
    base['OGLE_Class'] = guess_ogle_class(P_final)
                         ^^^^^^^^^^^^^^^^^^^^^^^^^
  File ""C:\Users\santi\AppData\Local\Temp\ipykernel_32392\651301854.py"", line 776, in guess_ogle_class
    if pd.isna(p_final) or p_final <= 0:
       ^^
NameError: name 'pd' is not defined
",646,5171.953140000347,19.71426625386997,0.2983955343004329,0.063,4.553564855059774,0.28687458586876574,1.2338263132783878,False,1.2338263132783878,0.10003420652787898,1.934814678732071e-11,True,1.2338572362436329,0.258467317666507,1.2338572362436329,0.7065100335469671,1.2338469285885514,LS+CE+PDM,3
h5,51,True,"NameError: name 'pd' is not defined
Traceback (most recent call last):
  File ""C:\Users\santi\AppData\Local\Temp\ipykernel_32392\651301854.py"", line 467, in _analyze_star
    base['OGLE_Class'] = guess_ogle_class(P_final)
                         ^^^^^^^^^^^^^^^^^^^^^^^^^
  File ""C:\Users\santi\AppData\Local\Temp\ipykernel_32392\651301854.py"", line 776, in guess_ogle_class
    if pd.isna(p_final) or p_final <= 0:
       ^^
NameError: name 'pd' is not defined
",109,1134.8358899999994,16.117458715596328,0.2427955828244735,0.01,24.257638084459693,0.24257638084459693,0.49240069857248203,False,0.49240069857248203,0.7520268795725453,2.8629268289114255e-29,True,0.4923883577028436,0.3088330398641301,0.49241303944212045,0.07241408865230199,0.49240069857248203,LS+CE+PDM,3
h5,52,True,"NameError: name 'pd' is not defined
Traceback (most recent call last):
  File ""C:\Users\santi\AppData\Local\Temp\ipykernel_32392\651301854.py"", line 467, in _analyze_star
    base['OGLE_Class'] = guess_ogle_class(P_final)
                         ^^^^^^^^^^^^^^^^^^^^^^^^^
  File ""C:\Users\santi\AppData\Local\Temp\ipykernel_32392\651301854.py"", line 776, in guess_ogle_class
    if pd.isna(p_final) or p_final <= 0:
       ^^
NameError: name 'pd' is not defined
",488,2246.94254,15.978811475409836,0.09809688727526435,0.006,16.318781600164474,0.09791268960098685,1.7045535882263692,False,1.7045535882263692,0.9595780302803224,0.0,True,1.704596308867678,0.45467199026519023,1.704596308867678,0.048666084874376854,1.7045820686539084,LS+CE+PDM,3
h5,53,True,"NameError: name 'pd' is not defined
Traceback (most recent call last):
  File ""C:\Users\santi\AppData\Local\Temp\ipykernel_32392\651301854.py"", line 467, in _analyze_star
    base['OGLE_Class'] = guess_ogle_class(P_final)
                         ^^^^^^^^^^^^^^^^^^^^^^^^^
  File ""C:\Users\santi\AppData\Local\Temp\ipykernel_32392\651301854.py"", line 776, in guess_ogle_class
    if pd.isna(p_final) or p_final <= 0:
       ^^
NameError: name 'pd' is not defined
",302,3551.0754200001247,12.965933774834436,0.11753298364363528,0.005,23.48531647151048,0.1174265823575524,1.6736145819587733,False,1.6736145819587733,0.23196517925037918,3.199399753539507e-14,True,1.6736565271863912,0.19793225781174945,1.6736565271863912,0.24931248091783148,1.673642545443852,LS+CE+PDM,3
h5,54,True,"NameError: name 'pd' is not defined
Traceback (most recent call last):
  File ""C:\Users\santi\AppData\Local\Temp\ipykernel_32392\651301854.py"", line 467, in _analyze_star
    base['OGLE_Class'] = guess_ogle_class(P_final)
                         ^^^^^^^^^^^^^^^^^^^^^^^^^
  File ""C:\Users\santi\AppData\Local\Temp\ipykernel_32392\651301854.py"", line 776, in guess_ogle_class
    if pd.isna(p_final) or p_final <= 0:
       ^^
NameError: name 'pd' is not defined
",229,2238.9295700000002,18.847021834061138,0.10785250021156047,0.026,3.999826432107688,0.10399548723479989,0.35887758186801744,False,0.35887758186801744,0.7709236282382639,5.287521807766856e-69,True,0.3588865762936282,0.8878284684858309,0.3588865762936282,0.26596227681949913,0.3588835781517579,LS+CE+PDM,3
h5,55,True,"NameError: name 'pd' is not defined
Traceback (most recent call last):
  File ""C:\Users\santi\AppData\Local\Temp\ipykernel_32392\651301854.py"", line 467, in _analyze_star
    base['OGLE_Class'] = guess_ogle_class(P_final)
                         ^^^^^^^^^^^^^^^^^^^^^^^^^
  File ""C:\Users\santi\AppData\Local\Temp\ipykernel_32392\651301854.py"", line 776, in guess_ogle_class
    if pd.isna(p_final) or p_final <= 0:
       ^^
NameError: name 'pd' is not defined
",524,2246.94402,16.852368320610687,0.1665124660961884,0.008,20.78565862199651,0.1662852689759721,1.6250408765458884,False,1.6250408765458884,0.709879361740386,3.173204833542219e-136,True,1.625081604387406,0.45367309283801205,1.625081604387406,0.10478997014295072,1.6250680284402332,LS+CE+PDM,3
h5,56,True,"NameError: name 'pd' is not defined
Traceback (most recent call last):
  File ""C:\Users\santi\AppData\Local\Temp\ipykernel_32392\651301854.py"", line 467, in _analyze_star
    base['OGLE_Class'] = guess_ogle_class(P_final)
                         ^^^^^^^^^^^^^^^^^^^^^^^^^
  File ""C:\Users\santi\AppData\Local\Temp\ipykernel_32392\651301854.py"", line 776, in guess_ogle_class
    if pd.isna(p_final) or p_final <= 0:
       ^^
NameError: name 'pd' is not defined
",404,2401.6989999999996,17.198356435643564,0.055909548389873574,0.015,3.575174995322334,0.053627624929835006,0.08924168502877866,False,0.08924168502877866,0.8388872779696674,3.617518526623405e-155,True,0.08193013569355814,1.1665318467825532,0.08193013569355814,0.5241677205452752,0.08193013569355814,CE+PDM,2
h5,57,False,snr<threshold,161,2270.8501400000005,19.28875155279503,0.24136272058501243,0.163,1.0011843094206967,0.16319304243557356,nan,False,nan,nan,nan,False,nan,nan,nan,nan,nan,,0
h5,58,True,"NameError: name 'pd' is not defined
Traceback (most recent call last):
  File ""C:\Users\santi\AppData\Local\Temp\ipykernel_32392\651301854.py"", line 467, in _analyze_star
    base['OGLE_Class'] = guess_ogle_class(P_final)
                         ^^^^^^^^^^^^^^^^^^^^^^^^^
  File ""C:\Users\santi\AppData\Local\Temp\ipykernel_32392\651301854.py"", line 776, in guess_ogle_class
    if pd.isna(p_final) or p_final <= 0:
       ^^
NameError: name 'pd' is not defined
",112,495.769270000048,13.953705357142857,0.14454717353323746,0.005,28.892134138168373,0.14446067069084187,0.16589234398529296,True,0.14223763305122591,0.860696098452097,7.482288663713754e-44,True,0.1422411979041846,0.5460691634934581,0.1422411979041846,0.12867842493884776,0.14224000961986502,LS+CE+PDM,3
h5,59,False,snr<threshold,637,5197.767959999852,20.70248508634223,0.23437611252002705,0.199,0.29604729435015115,0.05891341157568008,nan,False,nan,nan,nan,False,nan,nan,nan,nan,nan,,0
h5,5a,False,snr<threshold,708,2246.87057,18.801793785310736,0.08127815488819995,0.041,1.658692621865197,0.06800639749647308,nan,False,nan,nan,nan,False,nan,nan,nan,nan,nan,,0
h5,5b,True,"NameError: name 'pd' is not defined
Traceback (most recent call last):
  File ""C:\Users\santi\AppData\Local\Temp\ipykernel_32392\651301854.py"", line 467, in _analyze_star
    base['OGLE_Class'] = guess_ogle_class(P_final)
                         ^^^^^^^^^^^^^^^^^^^^^^^^^
  File ""C:\Users\santi\AppData\Local\Temp\ipykernel_32392\651301854.py"", line 776, in guess_ogle_class
    if pd.isna(p_final) or p_final <= 0:
       ^^
NameError: name 'pd' is not defined
",5679,5195.840820000041,18.24885261489699,0.13198823399498655,0.019,6.860792180198181,0.13035505142376544,0.2260476480927207,False,0.2260476480927207,0.9452415912822979,0.0,True,0.22604198273813192,0.9787546307273647,0.22604198273813192,0.45203689481125586,0.22604387118966152,LS+CE+PDM,3
h5,5c,True,"NameError: name 'pd' is not defined
Traceback (most recent call last):
  File ""C:\Users\santi\AppData\Local\Temp\ipykernel_32392\651301854.py"", line 467, in _analyze_star
    base['OGLE_Class'] = guess_ogle_class(P_final)
                         ^^^^^^^^^^^^^^^^^^^^^^^^^
  File ""C:\Users\santi\AppData\Local\Temp\ipykernel_32392\651301854.py"", line 776, in guess_ogle_class
    if pd.isna(p_final) or p_final <= 0:
       ^^
NameError: name 'pd' is not defined
",2000,3521.6831999999995,17.897136500000002,0.056292630937796365,0.019,2.753877798753605,0.05232367817631849,0.06956713575701065,False,0.06956713575701065,0.7131859922989396,0.0,True,0.0650421858946579,1.0989144051489146,0.0650421858946579,0.7113078037800052,0.0650421858946579,CE+PDM,2
h5,5d,True,"NameError: name 'pd' is not defined
Traceback (most recent call last):
  File ""C:\Users\santi\AppData\Local\Temp\ipykernel_32392\651301854.py"", line 467, in _analyze_star
    base['OGLE_Class'] = guess_ogle_class(P_final)
                         ^^^^^^^^^^^^^^^^^^^^^^^^^
  File ""C:\Users\santi\AppData\Local\Temp\ipykernel_32392\651301854.py"", line 776, in guess_ogle_class
    if pd.isna(p_final) or p_final <= 0:
       ^^
NameError: name 'pd' is not defined
",601,5171.953859999778,18.685014975041597,0.16153694554303777,0.027,5.884178075585939,0.15887280804082035,0.939194061887081,False,0.939194061887081,0.5887827292697065,1.2977690828345164e-111,True,0.9391705231887881,0.7087376418013407,0.9391705231887881,0.22033152825075455,0.9391783694215524,LS+CE+PDM,3
h5,5e,True,"NameError: name 'pd' is not defined
Traceback (most recent call last):
  File ""C:\Users\santi\AppData\Local\Temp\ipykernel_32392\651301854.py"", line 467, in _analyze_star
    base['OGLE_Class'] = guess_ogle_class(P_final)
                         ^^^^^^^^^^^^^^^^^^^^^^^^^
  File ""C:\Users\santi\AppData\Local\Temp\ipykernel_32392\651301854.py"", line 776, in guess_ogle_class
    if pd.isna(p_final) or p_final <= 0:
       ^^
NameError: name 'pd' is not defined
",112,532.7307000001892,17.957062500000003,0.13870613704863585,0.015,9.180139352425895,0.1377020902863884,0.156519773181393,False,0.156519773181393,0.9074784781289088,1.912939738785464e-53,True,0.1565236959827259,0.45337649123897206,0.1565236959827259,0.07078061492384051,0.1565223883822816,LS+CE+PDM,3
h5,5f,True,"NameError: name 'pd' is not defined
Traceback (most recent call last):
  File ""C:\Users\santi\AppData\Local\Temp\ipykernel_32392\651301854.py"", line 467, in _analyze_star
    base['OGLE_Class'] = guess_ogle_class(P_final)
                         ^^^^^^^^^^^^^^^^^^^^^^^^^
  File ""C:\Users\santi\AppData\Local\Temp\ipykernel_32392\651301854.py"", line 776, in guess_ogle_class
    if pd.isna(p_final) or p_final <= 0:
       ^^
NameError: name 'pd' is not defined
",786,2246.85124,15.47179262086514,0.09582183039969437,0.005,19.13709215640283,0.09568546078201415,3.0379275824770144,False,3.0379275824770144,0.9074167856973439,0.0,True,3.0378514439411126,0.417583826150775,3.0378514439411126,0.04704033952209355,3.03787682345308,LS+CE+PDM,3
h5,60,False,snr<threshold,497,2246.94412,18.737738430583498,0.07759343997639676,0.038,1.7085985837864466,0.06492674618388497,nan,False,nan,nan,nan,False,nan,nan,nan,nan,nan,,0
h5,61,True,"NameError: name 'pd' is not defined
Traceback (most recent call last):
  File ""C:\Users\santi\AppData\Local\Temp\ipykernel_32392\651301854.py"", line 467, in _analyze_star
    base['OGLE_Class'] = guess_ogle_class(P_final)
                         ^^^^^^^^^^^^^^^^^^^^^^^^^
  File ""C:\Users\santi\AppData\Local\Temp\ipykernel_32392\651301854.py"", line 776, in guess_ogle_class
    if pd.isna(p_final) or p_final <= 0:
       ^^
NameError: name 'pd' is not defined
",527,2246.94402,16.69659962049336,0.09177324220406827,0.008,11.429458706586574,0.09143566965269259,1.8366388916135359,False,1.8366388916135359,0.8368538163631118,2.2850593142200933e-202,True,1.836684922663451,0.47603611698790155,1.836684922663451,0.0614365043372664,1.8366695789801462,LS+CE+PDM,3
h5,62,True,"NameError: name 'pd' is not defined
Traceback (most recent call last):
  File ""C:\Users\santi\AppData\Local\Temp\ipykernel_32392\651301854.py"", line 467, in _analyze_star
    base['OGLE_Class'] = guess_ogle_class(P_final)
                         ^^^^^^^^^^^^^^^^^^^^^^^^^
  File ""C:\Users\santi\AppData\Local\Temp\ipykernel_32392\651301854.py"", line 776, in guess_ogle_class
    if pd.isna(p_final) or p_final <= 0:
       ^^
NameError: name 'pd' is not defined
",472,2246.94254,17.33415466101695,0.07627004918614669,0.01,7.556512835426285,0.07556512835426285,0.7812463196689963,False,0.7812463196689963,0.9111937358357155,1.4513522283577732e-242,True,0.7812658997772587,0.6345106649848905,0.7812658997772587,0.09330735510545077,0.7812593730745045,LS+CE+PDM,3
h5,63,True,"NameError: name 'pd' is not defined
Traceback (most recent call last):
  File ""C:\Users\santi\AppData\Local\Temp\ipykernel_32392\651301854.py"", line 467, in _analyze_star
    base['OGLE_Class'] = guess_ogle_class(P_final)
                         ^^^^^^^^^^^^^^^^^^^^^^^^^
  File ""C:\Users\santi\AppData\Local\Temp\ipykernel_32392\651301854.py"", line 776, in guess_ogle_class
    if pd.isna(p_final) or p_final <= 0:
       ^^
NameError: name 'pd' is not defined
",105,404.8969899999993,18.2222,0.18401940742131612,0.044,4.02125278227319,0.17693512242002032,0.5011721623963352,True,134.96566333333308,0.37491071473185783,7.50433825379414e-08,True,1.0043149066567774,0.659089814683616,1.0022372059643472,0.26090025397834576,1.0032760563105623,CE+PDM,2
h5,64,False,snr<threshold,674,5195.8061799998395,18.951875370919883,0.07741696919348118,0.048,1.1938674463256618,0.05730563742363177,nan,False,nan,nan,nan,False,nan,nan,nan,nan,nan,,0
h5,65,True,"NameError: name 'pd' is not defined
Traceback (most recent call last):
  File ""C:\Users\santi\AppData\Local\Temp\ipykernel_32392\651301854.py"", line 467, in _analyze_star
    base['OGLE_Class'] = guess_ogle_class(P_final)
                         ^^^^^^^^^^^^^^^^^^^^^^^^^
  File ""C:\Users\santi\AppData\Local\Temp\ipykernel_32392\651301854.py"", line 776, in guess_ogle_class
    if pd.isna(p_final) or p_final <= 0:
       ^^
NameError: name 'pd' is not defined
",1003,5194.901850000024,17.877179461615157,0.20074106144336903,0.019,10.506044482523654,0.19961484516794942,0.26295178957385434,False,0.26295178957385434,0.9546134845853081,0.0,True,0.26295837984426973,1.1549761853189278,0.5554717335285149,0.45929326104640245,0.26295837984426973,LS+CE,2
h5,66,True,"NameError: name 'pd' is not defined
Traceback (most recent call last):
  File ""C:\Users\santi\AppData\Local\Temp\ipykernel_32392\651301854.py"", line 467, in _analyze_star
    base['OGLE_Class'] = guess_ogle_class(P_final)
                         ^^^^^^^^^^^^^^^^^^^^^^^^^
  File ""C:\Users\santi\AppData\Local\Temp\ipykernel_32392\651301854.py"", line 776, in guess_ogle_class
    if pd.isna(p_final) or p_final <= 0:
       ^^
NameError: name 'pd' is not defined
",684,2245.9120900000007,15.475660818713452,0.15702660530296897,0.005,31.386519496810322,0.1569325974840516,2.778218814943098,False,2.778218814943098,0.7738447971672662,7.846975987540877e-216,True,2.7781491853988642,0.394438173125363,2.7781491853988642,0.07285286151744488,2.778172395246942,LS+CE+PDM,3
h5,67,True,"NameError: name 'pd' is not defined
Traceback (most recent call last):
  File ""C:\Users\santi\AppData\Local\Temp\ipykernel_32392\651301854.py"", line 467, in _analyze_star
    base['OGLE_Class'] = guess_ogle_class(P_final)
                         ^^^^^^^^^^^^^^^^^^^^^^^^^
  File ""C:\Users\santi\AppData\Local\Temp\ipykernel_32392\651301854.py"", line 776, in guess_ogle_class
    if pd.isna(p_final) or p_final <= 0:
       ^^
NameError: name 'pd' is not defined
",715,2246.8480899999995,14.815755244755245,0.07070964981383907,0.005,14.10552641270514,0.0705276320635257,3.4177792668086395,False,3.4177792668086395,0.9611627039106694,0.0,True,3.417522290923917,0.4453368839447498,3.4178649254368803,0.05151268887755948,3.417722161056479,LS+CE+PDM,3
h5,68,True,"NameError: name 'pd' is not defined
Traceback (most recent call last):
  File ""C:\Users\santi\AppData\Local\Temp\ipykernel_32392\651301854.py"", line 467, in _analyze_star
    base['OGLE_Class'] = guess_ogle_class(P_final)
                         ^^^^^^^^^^^^^^^^^^^^^^^^^
  File ""C:\Users\santi\AppData\Local\Temp\ipykernel_32392\651301854.py"", line 776, in guess_ogle_class
    if pd.isna(p_final) or p_final <= 0:
       ^^
NameError: name 'pd' is not defined
",113,358.0940700000001,13.432796460176991,0.09554497438491946,0.004,23.86457181693585,0.0954582872677434,0.09862948467237727,False,0.09862948467237727,0.8924804411527236,4.2479941061151505e-50,True,0.09862701275546819,0.33738079388326164,0.09862701275546819,0.04444541271155001,0.09862783672777121,LS+CE+PDM,3
h5,69,True,"NameError: name 'pd' is not defined
Traceback (most recent call last):
  File ""C:\Users\santi\AppData\Local\Temp\ipykernel_32392\651301854.py"", line 467, in _analyze_star
    base['OGLE_Class'] = guess_ogle_class(P_final)
                         ^^^^^^^^^^^^^^^^^^^^^^^^^
  File ""C:\Users\santi\AppData\Local\Temp\ipykernel_32392\651301854.py"", line 776, in guess_ogle_class
    if pd.isna(p_final) or p_final <= 0:
       ^^
NameError: name 'pd' is not defined
",191,2531.960049999999,17.731801047120417,0.11618697362872923,0.038,2.820786194397812,0.10718987538711686,0.12910917597266833,False,0.12910917597266833,0.6440553105976166,4.5219749928480916e-39,True,0.14824749707291593,1.0659215541050324,0.14830697003014498,0.6648771848549883,0.14827723355153044,CE+PDM,2
h5,6a,True,"NameError: name 'pd' is not defined
Traceback (most recent call last):
  File ""C:\Users\santi\AppData\Local\Temp\ipykernel_32392\651301854.py"", line 467, in _analyze_star
    base['OGLE_Class'] = guess_ogle_class(P_final)
                         ^^^^^^^^^^^^^^^^^^^^^^^^^
  File ""C:\Users\santi\AppData\Local\Temp\ipykernel_32392\651301854.py"", line 776, in guess_ogle_class
    if pd.isna(p_final) or p_final <= 0:
       ^^
NameError: name 'pd' is not defined
",123,1598.8761699999995,16.375585365853656,0.06848069332196378,0.012,5.609036914799632,0.06730844297759558,0.23214847182495313,False,0.23214847182495313,0.848548421866876,3.37344223591803e-46,True,0.2321426535675139,0.8303647376172668,0.2321426535675139,0.23014365172314785,0.23214459298666032,LS+CE+PDM,3
h5,6b,True,"NameError: name 'pd' is not defined
Traceback (most recent call last):
  File ""C:\Users\santi\AppData\Local\Temp\ipykernel_32392\651301854.py"", line 467, in _analyze_star
    base['OGLE_Class'] = guess_ogle_class(P_final)
                         ^^^^^^^^^^^^^^^^^^^^^^^^^
  File ""C:\Users\santi\AppData\Local\Temp\ipykernel_32392\651301854.py"", line 776, in guess_ogle_class
    if pd.isna(p_final) or p_final <= 0:
       ^^
NameError: name 'pd' is not defined
",1567,2713.63447,15.767943203573706,0.08965272842827918,0.006,14.90664273178302,0.08943985639069812,0.4447414563393209,False,0.4447414563393209,0.6302458794295269,0.0,True,0.4447303099369064,1.1655549716627622,0.4447303099369064,0.42018854417290896,0.4447340254043779,LS+CE+PDM,3
h5,6c,True,"NameError: name 'pd' is not defined
Traceback (most recent call last):
  File ""C:\Users\santi\AppData\Local\Temp\ipykernel_32392\651301854.py"", line 467, in _analyze_star
    base['OGLE_Class'] = guess_ogle_class(P_final)
                         ^^^^^^^^^^^^^^^^^^^^^^^^^
  File ""C:\Users\santi\AppData\Local\Temp\ipykernel_32392\651301854.py"", line 776, in guess_ogle_class
    if pd.isna(p_final) or p_final <= 0:
       ^^
NameError: name 'pd' is not defined
",1678,2713.8532299999997,16.76585220500596,0.20671428079842863,0.01,20.641397175538483,0.20641397175538484,0.49982562803889785,True,484.61664821428565,0.25536838099512454,3.60954657847921e-103,True,482.9769678255907,1.2395960212015946,484.9202927307106,0.7748185604398392,484.171302923529,LS+CE+PDM,3
h5,6d,False,snr<threshold,5734,5195.8374299998395,19.096670212765957,0.0971104677134891,0.057,1.3106362599707972,0.07470626681833545,nan,False,nan,nan,nan,False,nan,nan,nan,nan,nan,,0
h5,6e,False,snr<threshold,704,2246.8480899999995,18.769475852272727,0.06578567283489199,0.05,0.7528054892741107,0.03764027446370554,nan,False,nan,nan,nan,False,nan,nan,nan,nan,nan,,0
h5,6f,True,"NameError: name 'pd' is not defined
Traceback (most recent call last):
  File ""C:\Users\santi\AppData\Local\Temp\ipykernel_32392\651301854.py"", line 467, in _analyze_star
    base['OGLE_Class'] = guess_ogle_class(P_final)
                         ^^^^^^^^^^^^^^^^^^^^^^^^^
  File ""C:\Users\santi\AppData\Local\Temp\ipykernel_32392\651301854.py"", line 776, in guess_ogle_class
    if pd.isna(p_final) or p_final <= 0:
       ^^
NameError: name 'pd' is not defined
",125,1576.6727599999867,16.009967999999997,0.19533923907546227,0.007,27.88800426874397,0.1952160298812078,0.17658876183009317,False,0.17658876183009317,0.8972859974799078,2.6367471368452846e-57,True,0.17658433604658866,0.5681123343766568,0.17658433604658866,0.12920277559541646,0.17658581130775683,LS+CE+PDM,3
h5,70,True,"NameError: name 'pd' is not defined
Traceback (most recent call last):
  File ""C:\Users\santi\AppData\Local\Temp\ipykernel_32392\651301854.py"", line 467, in _analyze_star
    base['OGLE_Class'] = guess_ogle_class(P_final)
                         ^^^^^^^^^^^^^^^^^^^^^^^^^
  File ""C:\Users\santi\AppData\Local\Temp\ipykernel_32392\651301854.py"", line 776, in guess_ogle_class
    if pd.isna(p_final) or p_final <= 0:
       ^^
NameError: name 'pd' is not defined
",707,2246.87057,18.81018387553041,0.10611429574895219,0.043,2.195871766607916,0.09442248596414038,0.343358686084538,False,0.343358686084538,0.36400363067268304,1.483303708145765e-65,True,0.34335008060368377,1.2443038105040527,0.34336729156539225,0.6506083502279368,0.34335868608453807,LS+CE+PDM,3
h5,71,True,"NameError: name 'pd' is not defined
Traceback (most recent call last):
  File ""C:\Users\santi\AppData\Local\Temp\ipykernel_32392\651301854.py"", line 467, in _analyze_star
    base['OGLE_Class'] = guess_ogle_class(P_final)
                         ^^^^^^^^^^^^^^^^^^^^^^^^^
  File ""C:\Users\santi\AppData\Local\Temp\ipykernel_32392\651301854.py"", line 776, in guess_ogle_class
    if pd.isna(p_final) or p_final <= 0:
       ^^
NameError: name 'pd' is not defined
",3531,5175.866470000239,16.24065533843104,0.026588648810580807,0.006,4.298790225184243,0.025792741351105458,0.9642974326968308,False,0.9642974326968308,0.6262180016810421,0.0,True,0.9642732648413747,0.8176377243497941,0.9642732648413747,0.3013120123183869,0.9642813207931934,LS+CE+PDM,3
h5,72,False,snr<threshold,5648,5195.840820000041,19.679046919263453,0.12786820468693244,0.057,1.9543551363153955,0.11139824276997755,nan,False,nan,nan,nan,False,nan,nan,nan,nan,nan,,0
h5,73,True,"NameError: name 'pd' is not defined
Traceback (most recent call last):
  File ""C:\Users\santi\AppData\Local\Temp\ipykernel_32392\651301854.py"", line 467, in _analyze_star
    base['OGLE_Class'] = guess_ogle_class(P_final)
                         ^^^^^^^^^^^^^^^^^^^^^^^^^
  File ""C:\Users\santi\AppData\Local\Temp\ipykernel_32392\651301854.py"", line 776, in guess_ogle_class
    if pd.isna(p_final) or p_final <= 0:
       ^^
NameError: name 'pd' is not defined
",1430,3501.7463100000004,18.118062937062934,0.09902524342466641,0.027,3.5079871200238073,0.0947156522406428,0.05376573682974127,False,0.05376573682974127,0.7779440965220885,0.0,True,0.05682528304538514,1.3524739027363977,0.053772474390747504,0.9427669284046162,0.053772474390747504,LS+PDM,2
h5,74,True,"NameError: name 'pd' is not defined
Traceback (most recent call last):
  File ""C:\Users\santi\AppData\Local\Temp\ipykernel_32392\651301854.py"", line 467, in _analyze_star
    base['OGLE_Class'] = guess_ogle_class(P_final)
                         ^^^^^^^^^^^^^^^^^^^^^^^^^
  File ""C:\Users\santi\AppData\Local\Temp\ipykernel_32392\651301854.py"", line 776, in guess_ogle_class
    if pd.isna(p_final) or p_final <= 0:
       ^^
NameError: name 'pd' is not defined
",448,2410.70914,16.267888392857145,0.11119479672175754,0.006,18.506058140527895,0.11103634884316736,0.6770133509323748,False,0.6770133509323748,0.7777648315748875,1.6269567753770784e-141,True,0.6769963831792186,0.48207247162915745,0.6769963831792186,0.1242427723694116,0.6770020390969372,LS+CE+PDM,3
h5,75,True,"NameError: name 'pd' is not defined
Traceback (most recent call last):
  File ""C:\Users\santi\AppData\Local\Temp\ipykernel_32392\651301854.py"", line 467, in _analyze_star
    base['OGLE_Class'] = guess_ogle_class(P_final)
                         ^^^^^^^^^^^^^^^^^^^^^^^^^
  File ""C:\Users\santi\AppData\Local\Temp\ipykernel_32392\651301854.py"", line 776, in guess_ogle_class
    if pd.isna(p_final) or p_final <= 0:
       ^^
NameError: name 'pd' is not defined
",104,1635.65812,14.534701923076922,0.01702703721338127,0.006,2.664496292841253,0.015986977757047518,0.12099852936824974,False,0.12099852936824974,0.6352826907748056,9.225334532908464e-20,True,0.12099549682365404,0.8077304116323585,0.12100156191284545,0.4365737872526064,0.12099852936824974,LS+CE+PDM,3
h5,76,True,"NameError: name 'pd' is not defined
Traceback (most recent call last):
  File ""C:\Users\santi\AppData\Local\Temp\ipykernel_32392\651301854.py"", line 467, in _analyze_star
    base['OGLE_Class'] = guess_ogle_class(P_final)
                         ^^^^^^^^^^^^^^^^^^^^^^^^^
  File ""C:\Users\santi\AppData\Local\Temp\ipykernel_32392\651301854.py"", line 776, in guess_ogle_class
    if pd.isna(p_final) or p_final <= 0:
       ^^
NameError: name 'pd' is not defined
",327,3994.8768099998124,13.441902140672784,0.07292581465610261,0.004,18.203866132035127,0.07281546452814051,2.542240556191811,False,2.542240556191811,0.9733856599983028,4.401669764675756e-251,True,2.542304271493971,0.27355060372218554,2.542304271493971,0.03142647393491991,2.5422830330599178,LS+CE+PDM,3
h5,77,True,"NameError: name 'pd' is not defined
Traceback (most recent call last):
  File ""C:\Users\santi\AppData\Local\Temp\ipykernel_32392\651301854.py"", line 467, in _analyze_star
    base['OGLE_Class'] = guess_ogle_class(P_final)
                         ^^^^^^^^^^^^^^^^^^^^^^^^^
  File ""C:\Users\santi\AppData\Local\Temp\ipykernel_32392\651301854.py"", line 776, in guess_ogle_class
    if pd.isna(p_final) or p_final <= 0:
       ^^
NameError: name 'pd' is not defined
",930,5195.837160000112,17.93264946236559,0.08860689374835441,0.017,5.091787964038328,0.0865603953886516,0.4499807011466478,False,0.4499807011466478,0.5202748327909934,7.430667765564369e-144,True,0.4499694234348396,0.831503459172448,0.4499694234348396,0.47498721483879985,0.44997318267210895,LS+CE+PDM,3
h5,78,True,"NameError: name 'pd' is not defined
Traceback (most recent call last):
  File ""C:\Users\santi\AppData\Local\Temp\ipykernel_32392\651301854.py"", line 467, in _analyze_star
    base['OGLE_Class'] = guess_ogle_class(P_final)
                         ^^^^^^^^^^^^^^^^^^^^^^^^^
  File ""C:\Users\santi\AppData\Local\Temp\ipykernel_32392\651301854.py"", line 776, in guess_ogle_class
    if pd.isna(p_final) or p_final <= 0:
       ^^
NameError: name 'pd' is not defined
",786,2246.85124,13.71359796437659,0.1635152263376674,0.005,32.68775259589353,0.16343876297946763,12.722826953567383,False,12.722826953567383,0.9501319804547529,0.0,True,12.718681671602562,0.320797063976201,12.721232614350145,0.04208676044509722,12.720913746506696,LS+CE+PDM,3
h5,79,True,"NameError: name 'pd' is not defined
Traceback (most recent call last):
  File ""C:\Users\santi\AppData\Local\Temp\ipykernel_32392\651301854.py"", line 467, in _analyze_star
    base['OGLE_Class'] = guess_ogle_class(P_final)
                         ^^^^^^^^^^^^^^^^^^^^^^^^^
  File ""C:\Users\santi\AppData\Local\Temp\ipykernel_32392\651301854.py"", line 776, in guess_ogle_class
    if pd.isna(p_final) or p_final <= 0:
       ^^
NameError: name 'pd' is not defined
",633,2708.79933,16.787864139020538,0.15955753850842244,0.011,14.467835556528044,0.15914619112180847,0.5448984812520115,False,0.5448984812520115,0.6842954180399409,8.373891973051776e-154,True,0.5449121378555516,0.6482864581582695,0.5449121378555516,0.2772802643022312,0.5449075856543715,LS+CE+PDM,3
h5,7a,True,"NameError: name 'pd' is not defined
Traceback (most recent call last):
  File ""C:\Users\santi\AppData\Local\Temp\ipykernel_32392\651301854.py"", line 467, in _analyze_star
    base['OGLE_Class'] = guess_ogle_class(P_final)
                         ^^^^^^^^^^^^^^^^^^^^^^^^^
  File ""C:\Users\santi\AppData\Local\Temp\ipykernel_32392\651301854.py"", line 776, in guess_ogle_class
    if pd.isna(p_final) or p_final <= 0:
       ^^
NameError: name 'pd' is not defined
",507,2246.9439300000004,16.798958579881656,0.09369146794857432,0.008,11.669005411553632,0.09335204329242906,1.2125324753116402,False,1.2125324753116402,0.9292293525274808,1.0589064931900267e-285,True,1.2125628645967357,0.5098481345210327,1.2125628645967357,0.05987059182990866,1.2125527348350371,LS+CE+PDM,3
h5,7b,True,"NameError: name 'pd' is not defined
Traceback (most recent call last):
  File ""C:\Users\santi\AppData\Local\Temp\ipykernel_32392\651301854.py"", line 467, in _analyze_star
    base['OGLE_Class'] = guess_ogle_class(P_final)
                         ^^^^^^^^^^^^^^^^^^^^^^^^^
  File ""C:\Users\santi\AppData\Local\Temp\ipykernel_32392\651301854.py"", line 776, in guess_ogle_class
    if pd.isna(p_final) or p_final <= 0:
       ^^
NameError: name 'pd' is not defined
",467,2246.94254,12.872811563169165,0.11338191203888821,0.005,22.65432230510918,0.11327161152554589,38.0193323181049,False,38.0193323181049,0.9137902510275493,6.392367161074625e-243,True,38.01837945263327,0.3716885361868243,38.02790810734959,0.048449354610344574,38.02187329269592,LS+CE+PDM,3
h5,7c,True,"NameError: name 'pd' is not defined
Traceback (most recent call last):
  File ""C:\Users\santi\AppData\Local\Temp\ipykernel_32392\651301854.py"", line 467, in _analyze_star
    base['OGLE_Class'] = guess_ogle_class(P_final)
                         ^^^^^^^^^^^^^^^^^^^^^^^^^
  File ""C:\Users\santi\AppData\Local\Temp\ipykernel_32392\651301854.py"", line 776, in guess_ogle_class
    if pd.isna(p_final) or p_final <= 0:
       ^^
NameError: name 'pd' is not defined
",2000,2597.8366399999995,17.634665,0.11034650402470951,0.017,6.4075007274739075,0.10892751236705643,0.2557504789470057,False,0.2557504789470057,0.8759869699371549,0.0,True,0.2557568887334455,0.6631703693878523,0.2557568887334455,0.24591434630819986,0.25575475213796556,LS+CE+PDM,3
h5,7d,True,"NameError: name 'pd' is not defined
Traceback (most recent call last):
  File ""C:\Users\santi\AppData\Local\Temp\ipykernel_32392\651301854.py"", line 467, in _analyze_star
    base['OGLE_Class'] = guess_ogle_class(P_final)
                         ^^^^^^^^^^^^^^^^^^^^^^^^^
  File ""C:\Users\santi\AppData\Local\Temp\ipykernel_32392\651301854.py"", line 776, in guess_ogle_class
    if pd.isna(p_final) or p_final <= 0:
       ^^
NameError: name 'pd' is not defined
",694,3502.71724,17.575606628242078,0.09993459339711154,0.024,4.03171636685432,0.09676119280450367,0.08248558187290121,False,0.08248558187290121,0.544409535778904,4.561883485992728e-114,True,0.08246697610255393,1.237681787422048,0.08246697610255393,0.8719810129663061,0.08247317802600303,LS+CE+PDM,3
h5,7e,False,snr<threshold,787,5194.822769999968,20.680588310038118,0.23695286948422803,0.188,0.548575957634383,0.103132280035264,nan,False,nan,nan,nan,False,nan,nan,nan,nan,nan,,0
h5,7f,True,"NameError: name 'pd' is not defined
Traceback (most recent call last):
  File ""C:\Users\santi\AppData\Local\Temp\ipykernel_32392\651301854.py"", line 467, in _analyze_star
    base['OGLE_Class'] = guess_ogle_class(P_final)
                         ^^^^^^^^^^^^^^^^^^^^^^^^^
  File ""C:\Users\santi\AppData\Local\Temp\ipykernel_32392\651301854.py"", line 776, in guess_ogle_class
    if pd.isna(p_final) or p_final <= 0:
       ^^
NameError: name 'pd' is not defined
",487,2246.94254,16.875977412731007,0.1084487395887805,0.008,13.518033387436043,0.10814426709948835,1.025907469637476,False,1.025907469637476,0.8898289061937915,7.859095017787086e-228,True,1.0259331816041335,0.4338609598134418,1.0259331816041335,0.05598952856650236,1.0259246109485811,LS+CE+PDM,3
h5,80,True,"NameError: name 'pd' is not defined
Traceback (most recent call last):
  File ""C:\Users\santi\AppData\Local\Temp\ipykernel_32392\651301854.py"", line 467, in _analyze_star
    base['OGLE_Class'] = guess_ogle_class(P_final)
                         ^^^^^^^^^^^^^^^^^^^^^^^^^
  File ""C:\Users\santi\AppData\Local\Temp\ipykernel_32392\651301854.py"", line 776, in guess_ogle_class
    if pd.isna(p_final) or p_final <= 0:
       ^^
NameError: name 'pd' is not defined
",198,4045.955269999802,12.08340404040404,0.06273988185731977,0.004,15.653060354668753,0.06261224141867501,0.816457525981193,False,0.816457525981193,0.9520266588947304,5.465785798178843e-125,True,0.8164370633865569,0.45397960354974265,0.8164370633865569,0.07442090746633626,0.8164438842514357,LS+CE+PDM,3
h5,81,True,"NameError: name 'pd' is not defined
Traceback (most recent call last):
  File ""C:\Users\santi\AppData\Local\Temp\ipykernel_32392\651301854.py"", line 467, in _analyze_star
    base['OGLE_Class'] = guess_ogle_class(P_final)
                         ^^^^^^^^^^^^^^^^^^^^^^^^^
  File ""C:\Users\santi\AppData\Local\Temp\ipykernel_32392\651301854.py"", line 776, in guess_ogle_class
    if pd.isna(p_final) or p_final <= 0:
       ^^
NameError: name 'pd' is not defined
",445,2238.9217,15.275501123595506,0.06365162873860362,0.005,12.683918082073225,0.06341959041036613,1.8707567680481283,False,1.8707567680481283,0.9673790919154958,0.0,True,1.8708036541826658,0.3941208037858007,1.8708036541826658,0.04034268280398927,1.8707880254711533,LS+CE+PDM,3
h5,82,True,"NameError: name 'pd' is not defined
Traceback (most recent call last):
  File ""C:\Users\santi\AppData\Local\Temp\ipykernel_32392\651301854.py"", line 467, in _analyze_star
    base['OGLE_Class'] = guess_ogle_class(P_final)
                         ^^^^^^^^^^^^^^^^^^^^^^^^^
  File ""C:\Users\santi\AppData\Local\Temp\ipykernel_32392\651301854.py"", line 776, in guess_ogle_class
    if pd.isna(p_final) or p_final <= 0:
       ^^
NameError: name 'pd' is not defined
",461,2233.8685000000005,19.075941431670287,0.20027955146795884,0.038,5.149561047031022,0.19568331978717882,0.5204119976703554,False,0.5204119976703554,0.7130685532279126,1.8272308723901318e-120,True,0.5204250405775652,0.7956337599252042,0.5204250405775652,0.22141890518992713,0.5204206929418286,LS+CE+PDM,3
h5,83,True,"NameError: name 'pd' is not defined
Traceback (most recent call last):
  File ""C:\Users\santi\AppData\Local\Temp\ipykernel_32392\651301854.py"", line 467, in _analyze_star
    base['OGLE_Class'] = guess_ogle_class(P_final)
                         ^^^^^^^^^^^^^^^^^^^^^^^^^
  File ""C:\Users\santi\AppData\Local\Temp\ipykernel_32392\651301854.py"", line 776, in guess_ogle_class
    if pd.isna(p_final) or p_final <= 0:
       ^^
NameError: name 'pd' is not defined
",5562,5195.840820000041,18.94642502696872,0.16715244802413579,0.035,4.645004338925429,0.16257515186239002,0.56874030670885,False,0.56874030670885,0.35177522219397367,0.0,True,0.5687545608518753,0.8578869871731385,0.5687545608518753,0.5522184284357188,0.5687498094708668,LS+CE+PDM,3
h5,84,False,snr<threshold,2000,3506.621720000001,18.964567499999998,0.09042484044572499,0.044,1.724893362621203,0.07589530795533293,nan,False,nan,nan,nan,False,nan,nan,nan,nan,nan,,0
h5,85,True,"NameError: name 'pd' is not defined
Traceback (most recent call last):
  File ""C:\Users\santi\AppData\Local\Temp\ipykernel_32392\651301854.py"", line 467, in _analyze_star
    base['OGLE_Class'] = guess_ogle_class(P_final)
                         ^^^^^^^^^^^^^^^^^^^^^^^^^
  File ""C:\Users\santi\AppData\Local\Temp\ipykernel_32392\651301854.py"", line 776, in guess_ogle_class
    if pd.isna(p_final) or p_final <= 0:
       ^^
NameError: name 'pd' is not defined
",125,2528.038350000046,16.197216,0.19521851214439412,0.007,27.86799037293392,0.19507593261053746,0.12320835688942831,False,0.12320835688942831,0.8933813361278923,1.849043435622129e-56,True,0.12321144481817241,0.651107126096298,0.12321144481817241,0.21327736799011737,0.12321041550859103,LS+CE+PDM,3
h5,86,True,"NameError: name 'pd' is not defined
Traceback (most recent call last):
  File ""C:\Users\santi\AppData\Local\Temp\ipykernel_32392\651301854.py"", line 467, in _analyze_star
    base['OGLE_Class'] = guess_ogle_class(P_final)
                         ^^^^^^^^^^^^^^^^^^^^^^^^^
  File ""C:\Users\santi\AppData\Local\Temp\ipykernel_32392\651301854.py"", line 776, in guess_ogle_class
    if pd.isna(p_final) or p_final <= 0:
       ^^
NameError: name 'pd' is not defined
",103,404.88662000000113,14.863368932038835,0.08210538305908846,0.006,13.64222768030913,0.08185336608185478,0.2957103564125045,False,0.2957103564125045,0.9707414992965352,2.9349082188948733e-73,True,0.2957177676996326,0.30217822228951235,0.2957177676996326,0.03461380367641847,0.29571529727058987,LS+CE+PDM,3
h5,87,False,snr<threshold,2000,3509.7126399999997,18.113889500000003,0.05287288587528008,0.029,1.4872378457949467,0.043129897528053456,nan,False,nan,nan,nan,False,nan,nan,nan,nan,nan,,0
h5,88,True,"NameError: name 'pd' is not defined
Traceback (most recent call last):
  File ""C:\Users\santi\AppData\Local\Temp\ipykernel_32392\651301854.py"", line 467, in _analyze_star
    base['OGLE_Class'] = guess_ogle_class(P_final)
                         ^^^^^^^^^^^^^^^^^^^^^^^^^
  File ""C:\Users\santi\AppData\Local\Temp\ipykernel_32392\651301854.py"", line 776, in guess_ogle_class
    if pd.isna(p_final) or p_final <= 0:
       ^^
NameError: name 'pd' is not defined
",135,3602.0020599998534,13.943029629629631,0.11605344501826768,0.005,23.18913719879037,0.11594568599395184,0.22514342165300016,False,0.22514342165300016,0.9119032196984105,1.1590982184422158e-66,True,0.22514906434527218,0.575973330976826,0.22514906434527218,0.14285465120238514,0.22514718344784815,LS+CE+PDM,3
h5,89,True,"NameError: name 'pd' is not defined
Traceback (most recent call last):
  File ""C:\Users\santi\AppData\Local\Temp\ipykernel_32392\651301854.py"", line 467, in _analyze_star
    base['OGLE_Class'] = guess_ogle_class(P_final)
                         ^^^^^^^^^^^^^^^^^^^^^^^^^
  File ""C:\Users\santi\AppData\Local\Temp\ipykernel_32392\651301854.py"", line 776, in guess_ogle_class
    if pd.isna(p_final) or p_final <= 0:
       ^^
NameError: name 'pd' is not defined
",489,2246.94254,16.5798854805726,0.22343873434560835,0.007,31.90268139007102,0.22331876973049714,1.325942723946654,False,1.325942723946654,0.707150325341958,7.042856700413742e-126,True,1.3259094922994372,0.391983702522119,1.3259094922994372,0.048434366193605846,1.3259205695151761,LS+CE+PDM,3
h5,8a,True,"NameError: name 'pd' is not defined
Traceback (most recent call last):
  File ""C:\Users\santi\AppData\Local\Temp\ipykernel_32392\651301854.py"", line 467, in _analyze_star
    base['OGLE_Class'] = guess_ogle_class(P_final)
                         ^^^^^^^^^^^^^^^^^^^^^^^^^
  File ""C:\Users\santi\AppData\Local\Temp\ipykernel_32392\651301854.py"", line 776, in guess_ogle_class
    if pd.isna(p_final) or p_final <= 0:
       ^^
NameError: name 'pd' is not defined
",120,1595.9193500000001,15.023625000000001,0.09225103333437795,0.007,13.142678428852626,0.09199874900196839,0.30022185748147034,False,0.30022185748147034,0.9578229215418058,3.6655180010986735e-77,True,0.30021433312414,0.4848645832709138,0.30021433312414,0.07888309892442487,0.30021684124325015,LS+CE+PDM,3
h5,8b,True,"NameError: name 'pd' is not defined
Traceback (most recent call last):
  File ""C:\Users\santi\AppData\Local\Temp\ipykernel_32392\651301854.py"", line 467, in _analyze_star
    base['OGLE_Class'] = guess_ogle_class(P_final)
                         ^^^^^^^^^^^^^^^^^^^^^^^^^
  File ""C:\Users\santi\AppData\Local\Temp\ipykernel_32392\651301854.py"", line 776, in guess_ogle_class
    if pd.isna(p_final) or p_final <= 0:
       ^^
NameError: name 'pd' is not defined
",436,2233.8686,17.061974770642202,0.09349163983126023,0.009,10.33844728003498,0.09304602552031481,0.4955342945874002,True,0.9849074555795597,0.683161380317421,1.9959674458106662e-104,True,0.9910538705279134,0.8338027419070019,0.9910538705279134,0.15754328151850203,0.9890050655451289,LS+CE+PDM,3
